Timestamp_NY,wind_kph,feelslike_temp_c,condition,Forecast,Origin
2021-08-17 03:45:35.434565-04:00,17.567999999999998,8.35,Clear,Current,1
2021-08-17 04:15:35.751236-04:00,17.567999999999998,8.35,Clear,Current,1
2021-08-17 04:45:36.234715-04:00,17.46,8.49,Clear,Current,1
2021-08-17 05:15:36.569466-04:00,17.46,8.49,Clear,Current,1
2021-08-17 05:45:36.882762-04:00,16.704,8.28,Clear,Current,1
2021-08-17 06:15:37.167537-04:00,16.704,8.28,Clear,Current,1
2021-08-17 06:45:37.456334-04:00,15.515999999999998,7.7,Clear,Current,1
2021-08-17 07:15:37.759703-04:00,15.515999999999998,7.7,Clear,Current,1
2021-08-17 07:45:38.070737-04:00,13.5,7.2,Clear,Current,1
2021-08-17 08:15:38.391545-04:00,13.5,7.2,Clear,Current,1
2021-08-17 08:31:11.532674-04:00,10.296,5.17,Clear,Current,1
2021-08-17 08:36:15.739145-04:00,10.296,5.17,Clear,Current,1
2021-08-17 08:44:25.435069-04:00,10.296,5.17,Clear,Current,1
2021-08-17 08:53:08.618323-04:00,10.296,5.17,Clear,Current,1
2021-08-17 09:07:56.125615-04:00,10.296,5.17,Clear,Current,1
2021-08-17 09:16:56.450389-04:00,10.296,5.17,Clear,Current,1
2021-08-17 09:39:38.321324-04:00,4.356,1.37,Clear,Current,1
2021-08-17 09:52:20.920812-04:00,4.356,1.37,Clear,Current,1
2021-08-17 10:22:21.433259-04:00,4.356,1.37,Clear,Current,1
2021-08-17 10:52:21.690214-04:00,4.824000000000002,-1.06,Clear,Current,1
2021-08-17 11:22:21.969261-04:00,4.824000000000002,-1.06,Clear,Current,1
2021-08-17 11:52:22.329350-04:00,8.027999999999999,-2.81,Clear,Current,1
2021-08-17 12:22:22.657280-04:00,8.027999999999999,-2.81,Clear,Current,1
2021-08-17 12:52:22.960866-04:00,9.252,-3.46,Clear,Current,1
2021-08-17 13:22:23.203506-04:00,9.252,-3.46,Clear,Current,1
2021-08-17 13:52:24.278096-04:00,10.08,-3.69,Clear,Current,1
2021-08-17 14:22:24.541145-04:00,10.08,-3.69,Clear,Current,1
2021-08-17 14:52:24.833259-04:00,10.332,-3.99,Clear,Current,1
2021-08-17 15:22:25.121244-04:00,10.332,-3.99,Clear,Current,1
2021-08-17 15:52:25.402553-04:00,11.088,-4.17,Clear,Current,1
2021-08-17 16:22:25.649374-04:00,11.088,-4.17,Clear,Current,1
2021-08-17 16:52:26.029245-04:00,11.628,-4.43,Clear,Current,1
2021-08-17 17:22:26.332681-04:00,11.628,-4.43,Clear,Current,1
2021-08-17 17:52:26.802020-04:00,12.095999999999998,-4.65,Clear,Current,1
2021-08-17 18:22:27.141255-04:00,12.095999999999998,-4.65,Clear,Current,1
2021-08-17 18:52:27.551774-04:00,11.915999999999999,-4.74,Clear,Current,1
2021-08-17 19:22:27.929258-04:00,11.915999999999999,-4.74,Clear,Current,1
2021-08-17 19:52:28.189244-04:00,11.88,-4.75,Clear,Current,1
2021-08-17 20:22:28.465261-04:00,11.88,-4.75,Clear,Current,1
2021-08-17 20:52:28.741247-04:00,10.728,-3.07,Clear,Current,1
2021-08-17 21:22:29.098094-04:00,10.728,-3.07,Clear,Current,1
2021-08-17 21:52:29.475309-04:00,6.444,3.49,Clear,Current,1
2021-08-17 22:22:29.769310-04:00,6.444,3.49,Clear,Current,1
2021-08-17 22:52:30.169237-04:00,4.0680000000000005,7.18,Clear,Current,1
2021-08-17 23:22:30.577252-04:00,4.0680000000000005,7.18,Clear,Current,1
2021-08-17 23:52:30.837241-04:00,7.956,7.9,Clear,Current,1
2021-08-18 00:22:31.110328-04:00,7.956,7.9,Clear,Current,1
2021-08-18 00:52:31.485275-04:00,10.728,8.27,Clear,Current,1
2021-08-18 01:22:31.822001-04:00,10.728,8.27,Clear,Current,1
2021-08-18 01:52:32.119692-04:00,13.824000000000002,9.56,Clear,Current,1
2021-08-18 02:22:32.433576-04:00,13.824000000000002,9.56,Clear,Current,1
2021-08-18 02:52:32.709746-04:00,16.704,10.49,Clear,Current,1
2021-08-18 03:22:32.994089-04:00,16.704,10.49,Clear,Current,1
2021-08-18 03:52:33.358355-04:00,17.532,10.88,Clear,Current,1
2021-08-18 04:22:33.645318-04:00,17.532,10.88,Clear,Current,1
2021-08-18 04:52:33.917888-04:00,17.172,10.97,Clear,Current,1
2021-08-18 05:22:34.305257-04:00,17.172,10.97,Clear,Current,1
2021-08-18 05:52:34.603747-04:00,18.756,10.53,Clear,Current,1
2021-08-18 06:22:34.941281-04:00,18.756,10.53,Clear,Current,1
2021-08-18 06:52:35.251865-04:00,15.732,9.55,Clear,Current,1
2021-08-18 07:22:35.605242-04:00,15.732,9.55,Clear,Current,1
2021-08-18 07:52:35.837779-04:00,13.284,7.87,Clouds,Current,1
2021-08-18 08:19:54.721590-04:00,13.427999999999999,8.54,Clear,Current,1
2021-08-18 08:28:03.418722-04:00,13.284,7.87,Clouds,Current,1
2021-08-18 08:39:45.450046-04:00,7.2,7.24,Clear,Current,1
2021-08-18 08:45:20.521502-04:00,7.2,7.24,Clear,Current,1
2021-08-18 09:15:21.030320-04:00,7.2,7.24,Clear,Current,1
2021-08-18 09:45:21.349252-04:00,4.032000000000001,3.27,Clear,Current,1
2021-08-18 10:15:21.651879-04:00,4.032000000000001,3.27,Clear,Current,1
2021-08-18 10:45:21.953660-04:00,7.6320000000000014,-0.37,Clear,Current,1
2021-08-18 11:15:22.281312-04:00,7.6320000000000014,-0.37,Clear,Current,1
2021-08-18 11:45:22.651849-04:00,9.9,-1.46,Clear,Current,1
2021-08-18 12:15:22.961245-04:00,9.9,-1.46,Clear,Current,1
2021-08-18 12:45:23.203509-04:00,8.1,-1.24,Clear,Current,1
2021-08-18 13:15:23.489834-04:00,8.1,-1.24,Clear,Current,1
2021-08-18 13:45:23.755425-04:00,8.676,-1.51,Clear,Current,1
2021-08-18 14:15:24.057238-04:00,8.676,-1.51,Clear,Current,1
2021-08-18 14:45:24.301244-04:00,10.26,-2.37,Clear,Current,1
2021-08-18 15:15:24.569272-04:00,10.26,-2.37,Clear,Current,1
2021-08-18 15:45:24.947830-04:00,11.664,-2.84,Clear,Current,1
2021-08-18 16:15:25.233249-04:00,11.664,-2.84,Clear,Current,1
2021-08-18 16:45:25.551948-04:00,11.988,-2.97,Clouds,Current,1
2021-08-18 17:15:26.093320-04:00,11.988,-2.97,Clouds,Current,1
2021-08-18 17:45:26.348826-04:00,12.708,-3.01,Clouds,Current,1
2021-08-18 18:15:26.611664-04:00,12.708,-3.01,Clouds,Current,1
2021-08-18 18:45:27.137953-04:00,12.384,-3.19,Clouds,Current,1
2021-08-18 19:15:27.441152-04:00,12.384,-3.19,Clouds,Current,1
2021-08-18 19:45:27.679332-04:00,11.988,-3.2,Clouds,Current,1
2021-08-18 20:15:27.948042-04:00,10.475999999999999,-3.25,Clouds,Current,1
2021-08-18 20:45:28.205251-04:00,10.152000000000001,-1.99,Clear,Current,1
2021-08-18 21:15:28.597246-04:00,10.152000000000001,-1.99,Clear,Current,1
2021-08-18 21:45:28.864879-04:00,6.047999999999999,3.57,Clear,Current,1
2021-08-18 22:15:29.142773-04:00,6.047999999999999,3.57,Clear,Current,1
2021-08-18 22:45:29.381320-04:00,5.004,6.01,Clear,Current,1
2021-08-18 23:15:29.639275-04:00,5.004,6.01,Clear,Current,1
2021-08-18 23:45:29.937361-04:00,6.912000000000001,7.26,Clear,Current,1
2021-08-19 00:15:30.257257-04:00,6.912000000000001,7.26,Clear,Current,1
2021-08-19 00:45:30.501256-04:00,8.388,8.93,Clear,Current,1
2021-08-19 01:15:30.769773-04:00,8.388,8.93,Clear,Current,1
2021-08-19 01:45:31.109256-04:00,9.9,9.37,Clear,Current,1
2021-08-19 02:15:31.389265-04:00,9.9,9.37,Clear,Current,1
2021-08-19 02:45:31.672565-04:00,12.384,10.44,Clear,Current,1
2021-08-19 03:15:31.951855-04:00,12.384,10.44,Clear,Current,1
2021-08-19 03:45:32.205278-04:00,17.964000000000006,11.31,Clouds,Current,1
2021-08-19 03:50:57.018655-04:00,17.964000000000006,11.31,Clouds,Current,1
2021-08-19 03:57:18.318902-04:00,17.964000000000006,11.31,Clouds,Current,1
2021-08-19 04:02:43.322293-04:00,17.964000000000006,11.31,Clouds,Current,1
2021-08-19 04:32:43.837382-04:00,19.8,11.3,Clouds,Current,1
2021-08-19 05:02:44.141274-04:00,19.8,11.3,Clouds,Current,1
2021-08-19 05:32:44.441343-04:00,18.324,10.67,Clouds,Current,1
2021-08-19 06:02:44.740326-04:00,18.324,10.67,Clouds,Current,1
2021-08-19 06:32:45.037253-04:00,15.876,9.67,Clouds,Current,1
2021-08-19 07:02:45.282390-04:00,15.876,9.67,Clouds,Current,1
2021-08-19 07:32:45.546251-04:00,11.52,8.22,Clouds,Current,1
2021-08-19 08:02:45.851772-04:00,8.748000000000001,8.08,Clouds,Current,1
2021-08-19 08:32:46.105287-04:00,7.74,6.76,Clear,Current,1
2021-08-19 09:02:46.385302-04:00,7.74,6.76,Clear,Current,1
2021-08-19 09:32:46.652568-04:00,7.127999999999999,1.32,Clouds,Current,1
2021-08-19 10:02:46.975921-04:00,7.127999999999999,1.32,Clouds,Current,1
2021-08-19 10:32:47.318473-04:00,11.015999999999998,-0.08,Clouds,Current,1
2021-08-19 11:02:47.609258-04:00,11.015999999999998,-0.08,Clouds,Current,1
2021-08-19 11:32:47.898554-04:00,10.692,-0.35,Clouds,Current,1
2021-08-19 12:02:48.213259-04:00,10.692,-0.35,Clouds,Current,1
2021-08-19 12:32:48.479028-04:00,9.612,0.91,Clouds,Current,1
2021-08-19 13:02:48.809273-04:00,9.612,0.91,Clouds,Current,1
2021-08-19 13:32:49.105240-04:00,8.46,1.48,Clouds,Current,1
2021-08-19 14:02:49.383936-04:00,8.46,1.48,Clouds,Current,1
2021-08-19 14:32:49.681329-04:00,7.920000000000001,1.59,Clouds,Current,1
2021-08-19 15:02:50.033670-04:00,7.920000000000001,1.59,Clouds,Current,1
2021-08-19 15:32:50.446013-04:00,7.4879999999999995,1.82,Clouds,Current,1
2021-08-19 16:02:50.689235-04:00,7.4879999999999995,1.82,Clouds,Current,1
2021-08-19 16:32:51.141980-04:00,7.308,1.47,Clouds,Current,1
2021-08-19 17:02:51.441253-04:00,7.308,1.47,Clouds,Current,1
2021-08-19 17:32:51.741326-04:00,8.82,0.79,Clouds,Current,1
2021-08-19 18:02:51.977896-04:00,8.82,0.79,Clouds,Current,1
2021-08-19 18:32:52.211036-04:00,9.72,0.71,Clouds,Current,1
2021-08-19 19:02:52.533301-04:00,9.72,0.71,Clouds,Current,1
2021-08-19 19:32:52.798826-04:00,10.475999999999999,0.62,Clouds,Current,1
2021-08-19 20:02:53.073259-04:00,10.475999999999999,0.62,Clouds,Current,1
2021-08-19 20:32:53.377864-04:00,12.6,-0.38,Clouds,Current,1
2021-08-19 21:02:53.657942-04:00,12.6,-0.38,Clouds,Current,1
2021-08-19 21:32:53.939117-04:00,11.196,1.47,Clouds,Current,1
2021-08-19 22:02:54.263644-04:00,11.196,1.47,Clouds,Current,1
2021-08-19 22:32:54.613297-04:00,10.944,3.23,Clouds,Current,1
2021-08-19 23:02:54.885322-04:00,10.944,3.23,Clouds,Current,1
2021-08-19 23:32:55.241313-04:00,10.332,4.85,Clouds,Current,1
2021-08-20 00:02:55.501615-04:00,10.332,4.85,Clouds,Current,1
2021-08-20 00:32:55.744963-04:00,8.172,7.02,Clouds,Current,1
2021-08-20 01:02:56.051800-04:00,8.172,7.02,Clouds,Current,1
2021-08-20 01:32:56.329255-04:00,7.416,8.63,Clouds,Current,1
2021-08-20 02:02:56.590452-04:00,7.416,8.63,Clouds,Current,1
2021-08-20 02:32:56.945251-04:00,6.84,8.29,Clouds,Current,1
2021-08-20 03:02:57.217854-04:00,6.84,8.29,Clouds,Current,1
2021-08-20 03:32:57.489334-04:00,4.0680000000000005,9.11,Clouds,Current,1
2021-08-20 04:02:57.789363-04:00,4.0680000000000005,9.11,Clouds,Current,1
2021-08-20 04:32:58.117849-04:00,1.368,9.65,Clouds,Current,1
2021-08-20 05:02:58.449251-04:00,1.368,9.65,Clouds,Current,1
2021-08-20 05:32:58.761354-04:00,3.816,9.32,Clouds,Current,1
2021-08-20 06:02:59.051135-04:00,3.816,9.32,Clouds,Current,1
2021-08-20 06:32:59.352696-04:00,6.192,8.91,Clouds,Current,1
2021-08-20 07:02:59.653714-04:00,6.192,8.91,Clouds,Current,1
2021-08-20 07:32:59.999666-04:00,1.8,8.67,Clouds,Current,1
2021-08-20 08:03:00.409261-04:00,1.8,8.67,Clouds,Current,1
2021-08-20 08:33:00.788768-04:00,7.667999999999999,7.77,Clouds,Current,1
2021-08-20 09:03:01.037261-04:00,7.667999999999999,7.77,Clouds,Current,1
2021-08-20 09:33:01.586694-04:00,4.6080000000000005,6.66,Clouds,Current,1
2021-08-20 10:03:01.910952-04:00,4.6080000000000005,6.66,Clouds,Current,1
2021-08-20 10:33:02.301276-04:00,2.484,5.01,Clouds,Current,1
2021-08-20 11:03:02.593199-04:00,2.484,5.01,Clouds,Current,1
2021-08-20 11:33:03.180302-04:00,1.8,5.18,Clouds,Current,1
2021-08-20 12:03:03.465249-04:00,1.8,5.18,Clouds,Current,1
2021-08-20 12:33:03.793248-04:00,2.9160000000000004,4.51,Clouds,Current,1
2021-08-20 13:03:04.469335-04:00,2.9160000000000004,4.51,Clouds,Current,1
2021-08-20 13:33:04.751776-04:00,3.096,4.3,Clouds,Current,1
2021-08-20 14:03:05.241238-04:00,5.796,0.24,Clouds,Current,1
2021-08-20 14:33:05.537890-04:00,8.748000000000001,-0.87,Snow,Current,1
2021-08-20 15:03:05.960107-04:00,8.748000000000001,-0.87,Snow,Current,1
2021-08-20 15:33:06.257598-04:00,9.9,-0.94,Clouds,Current,1
2021-08-20 16:03:06.788386-04:00,9.9,-0.94,Clouds,Current,1
2021-08-20 16:33:07.233194-04:00,11.736,-1.12,Clouds,Current,1
2021-08-20 17:03:07.531001-04:00,11.736,-1.12,Clouds,Current,1
2021-08-20 17:33:07.824321-04:00,12.132,-1.67,Clouds,Current,1
2021-08-20 18:03:08.161388-04:00,12.132,-1.67,Clouds,Current,1
2021-08-20 18:33:08.769240-04:00,12.24,-1.48,Clouds,Current,1
2021-08-20 19:03:09.072445-04:00,12.24,-1.48,Clouds,Current,1
2021-08-20 19:33:09.353438-04:00,12.420000000000002,-1.65,Clouds,Current,1
2021-08-20 20:03:09.744926-04:00,12.168,-1.78,Clouds,Current,1
2021-08-20 20:33:10.051801-04:00,12.24,-0.78,Clouds,Current,1
2021-08-20 21:03:10.545354-04:00,12.24,-0.78,Clouds,Current,1
2021-08-20 21:33:11.077255-04:00,8.604000000000001,4.21,Clouds,Current,1
2021-08-20 22:03:11.581357-04:00,8.604000000000001,4.21,Clouds,Current,1
2021-08-20 22:33:11.845254-04:00,4.86,7.67,Clouds,Current,1
2021-08-20 23:03:12.297247-04:00,4.86,7.67,Clouds,Current,1
2021-08-20 23:33:12.589283-04:00,2.16,9.81,Clouds,Current,1
2021-08-21 00:03:12.893250-04:00,2.16,9.81,Clouds,Current,1
2021-08-21 00:33:13.179928-04:00,4.5360000000000005,9.15,Clouds,Current,1
2021-08-21 01:03:13.453722-04:00,4.5360000000000005,9.15,Clouds,Current,1
2021-08-21 01:33:13.751828-04:00,7.236000000000001,10.42,Clouds,Current,1
2021-08-21 02:03:14.021263-04:00,8.136000000000001,10.29,Clouds,Current,1
2021-08-21 02:33:14.300363-04:00,11.015999999999998,11.87,Clouds,Current,1
2021-08-21 03:03:14.624897-04:00,11.015999999999998,11.87,Clouds,Current,1
2021-08-21 03:33:14.874503-04:00,13.896,12.78,Clouds,Current,1
2021-08-21 04:03:15.273086-04:00,13.896,12.78,Clouds,Current,1
2021-08-21 04:33:15.590276-04:00,17.604,13.03,Clouds,Current,1
2021-08-21 05:03:16.069302-04:00,17.604,13.03,Clouds,Current,1
2021-08-21 05:33:16.384315-04:00,12.815999999999999,12.68,Clouds,Current,1
2021-08-21 06:03:16.693324-04:00,12.815999999999999,12.68,Clouds,Current,1
2021-08-21 06:33:17.021247-04:00,14.472000000000001,12.05,Clouds,Current,1
2021-08-21 07:03:17.310361-04:00,14.472000000000001,12.05,Clouds,Current,1
2021-08-21 07:33:17.837244-04:00,17.748,10.44,Clouds,Current,1
2021-08-21 08:03:18.117976-04:00,18.324,10.73,Clouds,Current,1
2021-08-21 08:33:18.421243-04:00,12.095999999999998,8.59,Clouds,Current,1
2021-08-21 09:03:18.703549-04:00,12.095999999999998,8.59,Clouds,Current,1
2021-08-21 09:33:19.001283-04:00,8.316,5.22,Clouds,Current,1
2021-08-21 10:03:19.242241-04:00,8.316,5.22,Clouds,Current,1
2021-08-21 10:33:19.495872-04:00,3.888,6.46,Clouds,Current,1
2021-08-21 11:03:20.085247-04:00,3.888,6.46,Clouds,Current,1
2021-08-21 11:33:20.409242-04:00,1.692,6.2,Clouds,Current,1
2021-08-21 12:03:20.873321-04:00,1.692,6.2,Clouds,Current,1
2021-08-21 12:33:21.757843-04:00,2.736,5.97,Clouds,Current,1
2021-08-21 13:03:22.073238-04:00,2.736,5.97,Clouds,Current,1
2021-08-21 13:33:22.837252-04:00,4.212,5.2,Clouds,Current,1
2021-08-21 14:03:23.565255-04:00,5.58,3.63,Clouds,Current,1
2021-08-21 14:33:24.345289-04:00,6.156000000000001,2.64,Clouds,Current,1
2021-08-21 15:03:25.091141-04:00,6.156000000000001,2.64,Clouds,Current,1
2021-08-21 15:33:25.854386-04:00,7.38,1.15,Clouds,Current,1
2021-08-21 16:03:26.365365-04:00,7.38,1.15,Clouds,Current,1
2021-08-21 16:33:26.829390-04:00,7.74,0.92,Clouds,Current,1
2021-08-21 17:03:27.127236-04:00,7.74,0.92,Clouds,Current,1
2021-08-21 17:33:27.846023-04:00,7.056,1.65,Clouds,Current,1
2021-08-21 18:03:28.573800-04:00,7.056,1.65,Clouds,Current,1
2021-08-21 18:33:29.068770-04:00,7.02,1.11,Clouds,Current,1
2021-08-21 19:03:29.417849-04:00,7.02,1.11,Clouds,Current,1
2021-08-21 19:33:29.685255-04:00,7.164,0.78,Clouds,Current,1
2021-08-21 20:03:30.157240-04:00,7.164,0.78,Clouds,Current,1
2021-08-21 20:33:30.509260-04:00,7.452000000000001,1.05,Clouds,Current,1
2021-08-21 21:03:30.754625-04:00,7.452000000000001,1.05,Clouds,Current,1
2021-08-21 21:33:31.017864-04:00,4.176,6.72,Clouds,Current,1
2021-08-21 22:03:31.301426-04:00,4.176,6.72,Clouds,Current,1
2021-08-21 22:33:31.789550-04:00,3.276,8.66,Clouds,Current,1
2021-08-21 23:03:32.309264-04:00,3.276,8.66,Clouds,Current,1
2021-08-21 23:33:32.589308-04:00,7.74,8.03,Clouds,Current,1
2021-08-22 00:03:32.853451-04:00,7.74,8.03,Clouds,Current,1
2021-08-22 00:33:33.353521-04:00,10.98,9.84,Clouds,Current,1
2021-08-22 01:03:33.626097-04:00,10.98,9.84,Clouds,Current,1
2021-08-22 01:33:33.957244-04:00,13.464,11.29,Clouds,Current,1
2021-08-22 02:03:34.237240-04:00,14.075999999999999,11.33,Clouds,Current,1
2021-08-22 02:33:34.549287-04:00,16.704,12.34,Clouds,Current,1
2021-08-22 03:03:34.838260-04:00,16.704,12.34,Clouds,Current,1
2021-08-22 03:33:35.113322-04:00,18.864,12.89,Clouds,Current,1
2021-08-22 04:03:35.357256-04:00,18.864,12.89,Clouds,Current,1
2021-08-22 04:33:35.633248-04:00,21.456,12.8,Clouds,Current,1
2021-08-22 05:03:35.959141-04:00,21.456,12.8,Clouds,Current,1
2021-08-22 05:33:36.469586-04:00,20.195999999999998,12.39,Clouds,Current,1
2021-08-22 06:03:36.973245-04:00,20.195999999999998,12.39,Clouds,Current,1
2021-08-22 06:33:37.393334-04:00,19.872,11.54,Clouds,Current,1
2021-08-22 07:03:37.711297-04:00,19.872,11.54,Clouds,Current,1
2021-08-22 07:33:37.969958-04:00,15.732,10.17,Clouds,Current,1
2021-08-22 08:03:38.441429-04:00,15.732,10.17,Clouds,Current,1
2021-08-22 08:33:38.729290-04:00,9.756,7.89,Clouds,Current,1
2021-08-22 09:03:39.241338-04:00,9.756,7.89,Clouds,Current,1
2021-08-22 09:33:39.477254-04:00,4.3919999999999995,5.54,Clouds,Current,1
2021-08-22 10:03:39.781423-04:00,4.3919999999999995,5.54,Clouds,Current,1
2021-08-22 10:33:40.226744-04:00,3.888,4.54,Clouds,Current,1
2021-08-22 11:03:40.509258-04:00,3.888,4.54,Clouds,Current,1
2021-08-22 11:33:40.773261-04:00,6.263999999999999,2.41,Clouds,Current,1
2021-08-22 12:03:41.304596-04:00,6.263999999999999,2.41,Clouds,Current,1
2021-08-22 12:33:41.586532-04:00,6.516,1.75,Clouds,Current,1
2021-08-22 13:03:41.901334-04:00,6.516,1.75,Clouds,Current,1
2021-08-22 13:33:42.197271-04:00,6.768,1.37,Clouds,Current,1
2021-08-22 14:03:42.488802-04:00,6.66,0.53,Clouds,Current,1
2021-08-22 14:33:42.821386-04:00,7.4879999999999995,-0.05,Clear,Current,1
2021-08-22 15:03:43.106972-04:00,7.4879999999999995,-0.05,Clear,Current,1
2021-08-22 15:33:43.356107-04:00,9.0,-0.72,Clear,Current,1
2021-08-22 16:03:43.901053-04:00,9.0,-0.72,Clear,Current,1
2021-08-22 16:33:44.189090-04:00,9.54,-1.14,Clear,Current,1
2021-08-22 17:03:44.453008-04:00,9.54,-1.14,Clear,Current,1
2021-08-22 17:33:44.745250-04:00,9.684,-1.49,Clear,Current,1
2021-08-22 18:03:45.051865-04:00,9.684,-1.49,Clear,Current,1
2021-08-22 18:33:45.293951-04:00,9.612,-1.63,Clear,Current,1
2021-08-22 19:03:45.569316-04:00,9.612,-1.63,Clear,Current,1
2021-08-22 19:33:45.872245-04:00,8.568,-1.63,Clear,Current,1
2021-08-22 20:03:46.105400-04:00,9.72,-2.07,Clear,Current,1
2021-08-22 20:33:46.409272-04:00,9.288,-0.95,Clear,Current,1
2021-08-22 21:03:46.925248-04:00,9.288,-0.95,Clear,Current,1
2021-08-22 21:33:47.297274-04:00,6.12,4.55,Clear,Current,1
2021-08-22 22:03:47.597373-04:00,6.12,4.55,Clear,Current,1
2021-08-22 22:33:47.854260-04:00,1.0080000000000002,7.76,Clear,Current,1
2021-08-22 23:03:48.154390-04:00,1.0080000000000002,7.76,Clear,Current,1
2021-08-22 23:33:48.469327-04:00,4.32,9.22,Clear,Current,1
2021-08-23 00:03:48.745243-04:00,4.32,9.22,Clear,Current,1
2021-08-23 00:33:49.073003-04:00,6.84,8.48,Clear,Current,1
2021-08-23 01:03:49.473243-04:00,6.84,8.48,Clear,Current,1
2021-08-23 01:33:50.147012-04:00,9.216,10.04,Clear,Current,1
2021-08-23 02:03:50.453414-04:00,9.216,10.04,Clear,Current,1
2021-08-23 02:33:50.781375-04:00,12.024000000000001,11.81,Clouds,Current,1
2021-08-23 03:03:51.554885-04:00,12.024000000000001,11.81,Clouds,Current,1
2021-08-23 03:33:52.301275-04:00,15.696000000000002,12.65,Clouds,Current,1
2021-08-23 04:03:53.061263-04:00,15.696000000000002,12.65,Clouds,Current,1
2021-08-23 04:33:53.791265-04:00,17.928,12.41,Clouds,Current,1
2021-08-23 05:03:54.549328-04:00,17.928,12.41,Clouds,Current,1
2021-08-23 05:33:55.326666-04:00,16.632,11.76,Clouds,Current,1
2021-08-23 06:03:55.873290-04:00,16.632,11.76,Clouds,Current,1
2021-08-23 06:33:56.163499-04:00,12.6,9.47,Clouds,Current,1
2021-08-23 07:03:56.481614-04:00,12.6,9.47,Rain,Current,1
2021-08-23 07:33:57.265297-04:00,7.343999999999999,8.71,Clouds,Current,1
2021-08-23 08:03:57.537248-04:00,7.343999999999999,8.71,Rain,Current,1
2021-08-23 08:33:58.285257-04:00,13.788,2.58,Clouds,Current,1
2021-08-23 09:03:58.668819-04:00,13.788,2.58,Rain,Current,1
2021-08-23 09:33:59.665238-04:00,13.644,0.65,Clouds,Current,1
2021-08-23 10:04:00.093250-04:00,13.644,0.65,Rain,Current,1
2021-08-23 10:34:00.859340-04:00,12.708,0.06,Clouds,Current,1
2021-08-23 11:04:01.293249-04:00,12.708,0.06,Clouds,Current,1
2021-08-23 11:34:01.977291-04:00,12.312000000000001,-0.96,Clouds,Current,1
2021-08-23 12:04:02.489251-04:00,12.312000000000001,-0.96,Clouds,Current,1
2021-08-23 12:34:03.447185-04:00,12.492,-1.17,Clouds,Current,1
2021-08-23 13:04:03.794139-04:00,12.492,-1.17,Clouds,Current,1
2021-08-23 13:34:04.089270-04:00,11.015999999999998,-0.14,Clouds,Current,1
2021-08-23 14:04:04.413336-04:00,10.548,-0.5,Clouds,Current,1
2021-08-23 14:34:04.693377-04:00,11.16,-0.59,Clouds,Current,1
2021-08-23 15:04:05.257321-04:00,11.16,-0.59,Clouds,Current,1
2021-08-23 15:34:05.593310-04:00,9.504,-0.45,Clouds,Current,1
2021-08-23 16:04:05.871195-04:00,9.504,-0.45,Clouds,Current,1
2021-08-23 16:34:06.181339-04:00,9.072,-1.96,Clouds,Current,1
2021-08-23 17:04:06.462077-04:00,9.072,-1.96,Clouds,Current,1
2021-08-23 17:34:06.754444-04:00,7.956,-2.12,Clouds,Current,1
2021-08-23 18:04:07.031071-04:00,7.956,-2.12,Clouds,Current,1
2021-08-23 18:34:07.985248-04:00,6.732,-1.85,Clouds,Current,1
2021-08-23 19:04:08.764804-04:00,6.732,-1.85,Clouds,Current,1
2021-08-23 19:34:09.069255-04:00,6.047999999999999,-1.84,Clouds,Current,1
2021-08-23 20:04:09.377243-04:00,6.047999999999999,-1.84,Clouds,Current,1
2021-08-23 20:34:10.157247-04:00,5.292000000000001,-0.76,Clear,Current,1
2021-08-23 21:04:10.418795-04:00,5.292000000000001,-0.76,Clear,Current,1
2021-08-23 21:34:10.778254-04:00,1.3319999999999999,3.66,Clouds,Current,1
2021-08-23 22:04:11.350713-04:00,1.3319999999999999,3.66,Clouds,Current,1
2021-08-23 22:34:11.657255-04:00,6.5520000000000005,4.08,Clouds,Current,1
2021-08-23 23:04:11.957438-04:00,6.5520000000000005,4.08,Clouds,Current,1
2021-08-23 23:34:12.260547-04:00,8.892000000000003,5.2,Clouds,Current,1
2021-08-24 00:04:12.568050-04:00,8.892000000000003,5.2,Clouds,Current,1
2021-08-24 00:34:12.871020-04:00,10.692,6.74,Clouds,Current,1
2021-08-24 01:04:13.207598-04:00,10.692,6.74,Clouds,Current,1
2021-08-24 01:34:13.771587-04:00,13.032,7.97,Clouds,Current,1
2021-08-24 02:04:14.065259-04:00,13.068,8.12,Clouds,Current,1
2021-08-24 02:34:14.348270-04:00,15.12,9.04,Clouds,Current,1
2021-08-24 03:04:14.649305-04:00,15.12,9.04,Clouds,Current,1
2021-08-24 03:34:14.942081-04:00,17.676000000000005,9.05,Clouds,Current,1
2021-08-24 04:04:15.492787-04:00,17.676000000000005,9.05,Clouds,Current,1
2021-08-24 04:34:15.801243-04:00,16.704,8.7,Clouds,Current,1
2021-08-24 05:04:16.113302-04:00,16.704,8.7,Clouds,Current,1
2021-08-24 05:34:16.499943-04:00,16.92,8.43,Clouds,Current,1
2021-08-24 06:04:16.839530-04:00,16.92,8.43,Clouds,Current,1
2021-08-24 06:34:17.202045-04:00,16.164,8.32,Clouds,Current,1
2021-08-24 07:04:17.961902-04:00,16.164,8.32,Clouds,Current,1
2021-08-24 07:34:18.238294-04:00,15.659999999999998,7.49,Clouds,Current,1
2021-08-24 08:04:18.963260-04:00,15.659999999999998,7.49,Clouds,Current,1
2021-08-24 08:34:19.717859-04:00,12.995999999999999,5.75,Clear,Current,1
2021-08-24 09:04:20.450323-04:00,12.995999999999999,5.75,Clear,Current,1
2021-08-24 09:34:21.329385-04:00,6.948,2.02,Clear,Current,1
2021-08-24 10:04:21.681266-04:00,6.948,2.02,Clear,Current,1
2021-08-24 10:28:55.550760-04:00,6.948,2.02,Clear,Current,1
2021-08-24 10:58:56.328244-04:00,1.296,2.71,Clear,Current,1
2021-08-24 11:28:56.633248-04:00,1.296,2.71,Clear,Current,1
2021-08-24 11:58:56.913415-04:00,2.3040000000000003,2.25,Clear,Current,1
2021-08-24 12:28:57.202272-04:00,2.3040000000000003,2.25,Clear,Current,1
2021-08-24 12:58:57.486944-04:00,4.86,0.64,Clear,Current,1
2021-08-24 13:28:57.762838-04:00,4.86,0.64,Clear,Current,1
2021-08-24 13:58:58.093283-04:00,6.4079999999999995,-1.26,Clear,Current,1
2021-08-24 14:28:58.392025-04:00,6.4079999999999995,-1.26,Clear,Current,1
2021-08-24 14:58:58.699933-04:00,6.732,-1.51,Clear,Current,1
2021-08-24 15:28:58.986292-04:00,6.732,-1.51,Clear,Current,1
2021-08-24 15:58:59.289252-04:00,6.948,-1.88,Clear,Current,1
2021-08-24 16:28:59.573251-04:00,6.948,-1.88,Clear,Current,1
2021-08-24 16:58:59.861358-04:00,7.272,-2.35,Clear,Current,1
2021-08-24 17:29:00.211231-04:00,7.272,-2.35,Clear,Current,1
2021-08-24 17:59:00.485663-04:00,7.308,-2.64,Clear,Current,1
2021-08-24 18:29:00.769876-04:00,7.308,-2.64,Clear,Current,1
2021-08-24 18:59:01.057271-04:00,8.28,-3.18,Clear,Current,1
2021-08-24 19:29:01.377269-04:00,8.28,-3.18,Clear,Current,1
2021-08-24 19:59:01.866411-04:00,8.496,-3.53,Clear,Current,1
2021-08-24 20:29:02.138399-04:00,8.136000000000001,-3.61,Clear,Current,1
2021-08-24 20:59:02.443895-04:00,8.172,-2.67,Clear,Current,1
2021-08-24 21:29:02.733050-04:00,8.172,-2.67,Clear,Current,1
2021-08-24 21:59:03.029256-04:00,5.112,2.73,Clear,Current,1
2021-08-24 22:29:03.469529-04:00,5.112,2.73,Clear,Current,1
2021-08-24 22:59:03.744936-04:00,1.044,5.56,Clear,Current,1
2021-08-24 23:29:04.233244-04:00,1.044,5.56,Clear,Current,1
2021-08-24 23:59:04.509283-04:00,5.184,6.4,Clear,Current,1
2021-08-25 00:29:04.788753-04:00,5.184,6.4,Clear,Current,1
2021-08-25 00:59:05.081497-04:00,8.027999999999999,7.31,Clear,Current,1
2021-08-25 01:29:05.359654-04:00,8.027999999999999,7.31,Clear,Current,1
2021-08-25 01:59:05.637301-04:00,10.512,7.98,Clear,Current,1
2021-08-25 02:29:05.917847-04:00,10.332,7.74,Clear,Current,1
2021-08-25 02:59:06.289541-04:00,12.888,9.21,Clear,Current,1
2021-08-25 03:29:06.788586-04:00,12.888,9.21,Clear,Current,1
2021-08-25 03:59:07.085267-04:00,16.02,10.2,Clear,Current,1
2021-08-25 04:29:07.385280-04:00,16.02,10.2,Clear,Current,1
2021-08-25 04:59:07.674788-04:00,18.576,10.37,Clear,Current,1
2021-08-25 05:19:42.920877-04:00,18.576,10.37,Clear,Current,1
2021-08-25 05:26:16.221671-04:00,18.576,10.37,Clear,Current,1
2021-08-25 05:56:16.729249-04:00,19.404,10.0,Clear,Current,1
2021-08-25 06:26:17.013247-04:00,19.404,10.0,Clear,Current,1
2021-08-25 06:56:17.369284-04:00,17.784000000000006,9.2,Clear,Current,1
2021-08-25 07:26:17.640522-04:00,17.784000000000006,9.2,Clear,Current,1
2021-08-25 07:56:17.945704-04:00,15.444,7.84,Clear,Current,1
2021-08-25 08:26:18.273269-04:00,15.264,7.92,Clear,Current,1
2021-08-25 08:56:18.570029-04:00,12.312000000000001,5.95,Clear,Current,1
2021-08-25 09:26:18.893274-04:00,12.312000000000001,5.95,Clear,Current,1
2021-08-25 09:56:19.181262-04:00,6.587999999999999,1.65,Clear,Current,1
2021-08-25 10:26:19.459050-04:00,6.587999999999999,1.65,Clear,Current,1
2021-08-25 10:33:38.923441-04:00,1.98,1.99,Clear,Current,1
2021-08-25 10:58:43.937470-04:00,1.98,1.99,Clear,Current,1
2021-08-25 11:28:44.725089-04:00,1.98,1.99,Clear,Current,1
2021-08-25 11:58:45.001151-04:00,3.6719999999999997,1.55,Clear,Current,1
2021-08-25 12:28:45.628912-04:00,3.6719999999999997,1.55,Clear,Current,1
2021-08-25 12:58:46.113248-04:00,5.4,-0.43,Clear,Current,1
2021-08-25 13:28:46.373387-04:00,5.4,-0.43,Clear,Current,1
2021-08-25 13:58:46.657247-04:00,6.263999999999999,-1.03,Clear,Current,1
2021-08-25 14:28:47.162574-04:00,6.228,-1.52,Clear,Current,1
2021-08-25 14:58:47.505251-04:00,7.2,-2.09,Clear,Current,1
2021-08-25 15:28:47.802672-04:00,7.2,-2.09,Clear,Current,1
2021-08-25 15:58:48.289266-04:00,7.4879999999999995,-2.46,Clear,Current,1
2021-08-25 16:28:48.601405-04:00,7.4879999999999995,-2.46,Clear,Current,1
2021-08-25 16:58:48.897287-04:00,7.56,-2.68,Clear,Current,1
2021-08-25 17:28:49.185260-04:00,7.56,-2.68,Clear,Current,1
2021-08-25 17:58:49.485258-04:00,7.776000000000002,-2.97,Clear,Current,1
2021-08-25 18:28:49.781244-04:00,7.776000000000002,-2.97,Clear,Current,1
2021-08-25 18:58:50.073255-04:00,8.388,-3.37,Clear,Current,1
2021-08-25 19:28:50.549249-04:00,8.388,-3.37,Clear,Current,1
2021-08-25 19:58:50.841304-04:00,8.676,-3.64,Clear,Current,1
2021-08-25 20:28:51.129286-04:00,8.676,-3.64,Clear,Current,1
2021-08-25 20:58:51.412443-04:00,8.172,-2.55,Clear,Current,1
2021-08-25 21:28:51.891218-04:00,8.172,-2.55,Clear,Current,1
2021-08-25 21:58:52.151767-04:00,5.004,3.15,Clear,Current,1
2021-08-25 22:28:52.445285-04:00,5.004,3.15,Clear,Current,1
2021-08-25 22:58:52.697265-04:00,4.248,6.11,Clear,Current,1
2021-08-25 23:28:52.973265-04:00,4.248,6.11,Clear,Current,1
2021-08-25 23:58:53.301251-04:00,8.1,6.08,Clear,Current,1
2021-08-26 00:28:53.593521-04:00,8.1,6.08,Clear,Current,1
2021-08-26 00:58:53.889259-04:00,10.44,7.82,Clear,Current,1
2021-08-26 01:28:54.163341-04:00,10.44,7.82,Clear,Current,1
2021-08-26 01:58:54.452527-04:00,12.527999999999999,8.59,Clear,Current,1
2021-08-26 02:28:55.417854-04:00,12.492,8.27,Clear,Current,1
2021-08-26 02:58:55.829387-04:00,15.048,9.41,Clear,Current,1
2021-08-26 03:28:56.593262-04:00,15.048,9.41,Clear,Current,1
2021-08-26 03:58:56.866361-04:00,17.712,10.14,Clear,Current,1
2021-08-26 04:28:57.634717-04:00,17.712,10.14,Clear,Current,1
2021-08-26 04:58:57.877292-04:00,19.44,10.23,Clear,Current,1
2021-08-26 05:28:58.177254-04:00,19.44,10.23,Clear,Current,1
2021-08-26 05:58:58.413269-04:00,19.44,9.84,Clear,Current,1
2021-08-26 06:28:58.768131-04:00,19.44,9.84,Clear,Current,1
2021-08-26 06:58:59.135522-04:00,17.748,9.02,Clear,Current,1
2021-08-26 07:28:59.490108-04:00,17.748,9.02,Clear,Current,1
2021-08-26 07:58:59.766414-04:00,16.2,7.74,Clear,Current,1
2021-08-26 08:29:00.073254-04:00,16.2,7.74,Clear,Current,1
2021-08-26 08:59:00.596073-04:00,12.708,5.59,Clear,Current,1
2021-08-26 09:29:00.905240-04:00,12.708,5.59,Clear,Current,1
2021-08-26 09:59:01.191436-04:00,6.768,1.54,Clear,Current,1
2021-08-26 10:29:01.669280-04:00,6.768,1.54,Clear,Current,1
2021-08-26 10:59:01.965812-04:00,1.296,2.21,Clear,Current,1
2021-08-26 11:29:02.237269-04:00,1.296,2.21,Clear,Current,1
2021-08-26 11:59:02.563797-04:00,3.636,1.78,Clear,Current,1
2021-08-26 12:29:02.946281-04:00,3.636,1.78,Clear,Current,1
2021-08-26 12:59:03.197245-04:00,5.436,-0.2,Clear,Current,1
2021-08-26 13:29:03.489566-04:00,5.436,-0.2,Clear,Current,1
2021-08-26 13:59:03.837701-04:00,5.507999999999999,-0.96,Clouds,Current,1
2021-08-26 14:29:04.145331-04:00,5.507999999999999,-0.96,Clouds,Current,1
2021-08-26 14:59:04.529247-04:00,5.6880000000000015,-1.34,Clouds,Current,1
2021-08-26 15:29:04.813260-04:00,5.6880000000000015,-1.34,Clouds,Current,1
2021-08-26 15:59:05.089337-04:00,5.6160000000000005,-1.48,Clouds,Current,1
2021-08-26 16:29:05.373252-04:00,5.6160000000000005,-1.48,Clouds,Current,1
2021-08-26 16:59:05.665463-04:00,5.976,-1.71,Clouds,Current,1
2021-08-26 17:29:06.151750-04:00,5.976,-1.71,Clouds,Current,1
2021-08-26 17:59:06.437249-04:00,5.724,-1.5,Clouds,Current,1
2021-08-26 18:29:06.735258-04:00,5.724,-1.5,Clouds,Current,1
2021-08-26 18:59:07.021246-04:00,5.652,-1.68,Clouds,Current,1
2021-08-26 19:29:07.501255-04:00,5.652,-1.68,Clouds,Current,1
2021-08-26 19:59:07.769974-04:00,5.6160000000000005,-2.1,Clouds,Current,1
2021-08-26 20:29:08.303215-04:00,5.6160000000000005,-2.1,Clouds,Current,1
2021-08-26 20:59:08.777307-04:00,5.760000000000002,-1.16,Clouds,Current,1
2021-08-26 21:29:09.073441-04:00,5.760000000000002,-1.16,Clouds,Current,1
2021-08-26 21:59:09.367180-04:00,2.8800000000000003,3.91,Clouds,Current,1
2021-08-26 22:29:09.665253-04:00,2.8800000000000003,3.91,Clouds,Current,1
2021-08-26 22:59:10.170921-04:00,6.047999999999999,4.64,Clouds,Current,1
2021-08-26 23:29:10.659384-04:00,6.047999999999999,4.64,Clouds,Current,1
2021-08-26 23:59:10.961240-04:00,9.792000000000002,5.54,Clouds,Current,1
2021-08-27 00:29:11.253257-04:00,9.792000000000002,5.54,Clouds,Current,1
2021-08-27 00:59:11.601276-04:00,12.095999999999998,6.54,Clouds,Current,1
2021-08-27 01:29:12.100156-04:00,12.095999999999998,6.54,Clouds,Current,1
2021-08-27 01:59:12.537282-04:00,14.148,7.52,Clouds,Current,1
2021-08-27 02:29:12.837825-04:00,14.544,7.53,Clouds,Current,1
2021-08-27 02:59:13.338019-04:00,17.244,7.83,Clouds,Current,1
2021-08-17 03:45:35.434565-04:00,13.824000000000002,10.76,Clear,NextDay,1
2021-08-17 04:15:35.751236-04:00,16.632,11.44,Clear,NextDay,1
2021-08-17 04:45:36.234715-04:00,16.632,11.44,Clear,NextDay,1
2021-08-17 05:15:36.569466-04:00,18.035999999999998,11.42,Clear,NextDay,1
2021-08-17 05:45:36.882762-04:00,18.035999999999998,11.42,Clear,NextDay,1
2021-08-17 06:15:37.167537-04:00,17.496000000000002,10.78,Clear,NextDay,1
2021-08-17 06:45:37.456334-04:00,17.496000000000002,10.78,Clear,NextDay,1
2021-08-17 07:15:37.759703-04:00,14.292000000000002,9.93,Clear,NextDay,1
2021-08-17 07:45:38.070737-04:00,14.292000000000002,9.93,Clear,NextDay,1
2021-08-17 08:15:38.391545-04:00,10.404000000000002,8.41,Clouds,NextDay,1
2021-08-17 08:31:11.532674-04:00,13.788,8.77,Clouds,NextDay,1
2021-08-17 08:36:15.739145-04:00,13.788,8.77,Clouds,NextDay,1
2021-08-17 08:44:25.435069-04:00,13.788,8.77,Clouds,NextDay,1
2021-08-17 08:53:08.618323-04:00,13.788,8.77,Clouds,NextDay,1
2021-08-17 09:07:56.125615-04:00,7.956,8.27,Clear,NextDay,1
2021-08-17 09:16:56.450389-04:00,7.956,8.27,Clear,NextDay,1
2021-08-17 09:39:38.321324-04:00,7.956,8.27,Clear,NextDay,1
2021-08-17 09:52:20.920812-04:00,7.956,8.27,Clear,NextDay,1
2021-08-17 10:22:21.433259-04:00,1.944,3.88,Clear,NextDay,1
2021-08-17 10:52:21.690214-04:00,1.944,3.88,Clear,NextDay,1
2021-08-17 11:22:21.969261-04:00,6.336,1.31,Clear,NextDay,1
2021-08-17 11:52:22.329350-04:00,6.336,1.31,Clear,NextDay,1
2021-08-17 12:22:22.657280-04:00,8.172,-0.19,Clear,NextDay,1
2021-08-17 12:52:22.960866-04:00,8.172,-0.19,Clear,NextDay,1
2021-08-17 13:22:23.203506-04:00,8.64,-0.96,Clear,NextDay,1
2021-08-17 13:52:24.278096-04:00,8.64,-0.96,Clear,NextDay,1
2021-08-17 14:22:24.541145-04:00,8.748000000000001,-1.19,Clear,NextDay,1
2021-08-17 14:52:24.833259-04:00,7.452000000000001,-0.85,Clouds,NextDay,1
2021-08-17 15:22:25.121244-04:00,9.108,-0.99,Clouds,NextDay,1
2021-08-17 15:52:25.402553-04:00,9.108,-0.99,Clouds,NextDay,1
2021-08-17 16:22:25.649374-04:00,11.592,-0.57,Clouds,NextDay,1
2021-08-17 16:52:26.029245-04:00,11.592,-0.57,Clouds,NextDay,1
2021-08-17 17:22:26.332681-04:00,12.312000000000001,-1.67,Clouds,NextDay,1
2021-08-17 17:52:26.802020-04:00,12.312000000000001,-1.67,Clouds,NextDay,1
2021-08-17 18:22:27.141255-04:00,12.924000000000001,-2.54,Clouds,NextDay,1
2021-08-17 18:52:27.551774-04:00,12.924000000000001,-2.54,Clouds,NextDay,1
2021-08-17 19:22:27.929258-04:00,13.356,-2.77,Clouds,NextDay,1
2021-08-17 19:52:28.189244-04:00,13.356,-2.77,Clouds,NextDay,1
2021-08-17 20:22:28.465261-04:00,12.492,-2.77,Clouds,NextDay,1
2021-08-17 20:52:28.741247-04:00,10.187999999999999,-2.62,Clear,NextDay,1
2021-08-17 21:22:29.098094-04:00,9.108,-0.94,Clouds,NextDay,1
2021-08-17 21:52:29.475309-04:00,9.108,-0.94,Clouds,NextDay,1
2021-08-17 22:22:29.769310-04:00,5.256,4.5,Clouds,NextDay,1
2021-08-17 22:52:30.169237-04:00,5.256,4.5,Clouds,NextDay,1
2021-08-17 23:22:30.577252-04:00,4.032000000000001,7.48,Clouds,NextDay,1
2021-08-17 23:52:30.837241-04:00,4.032000000000001,7.48,Clouds,NextDay,1
2021-08-18 00:22:31.110328-04:00,6.372000000000001,8.4,Clouds,NextDay,1
2021-08-18 00:52:31.485275-04:00,6.372000000000001,8.4,Clouds,NextDay,1
2021-08-18 01:22:31.822001-04:00,8.388,8.77,Clouds,NextDay,1
2021-08-18 01:52:32.119692-04:00,8.388,8.77,Clouds,NextDay,1
2021-08-18 02:22:32.433576-04:00,10.584000000000001,10.32,Clouds,NextDay,1
2021-08-18 02:52:32.709746-04:00,10.296,10.16,Clouds,NextDay,1
2021-08-18 03:22:32.994089-04:00,13.14,11.4,Clouds,NextDay,1
2021-08-18 03:52:33.358355-04:00,13.14,11.4,Clouds,NextDay,1
2021-08-18 04:22:33.645318-04:00,17.244,12.19,Clouds,NextDay,1
2021-08-18 04:52:33.917888-04:00,17.244,12.19,Clouds,NextDay,1
2021-08-18 05:22:34.305257-04:00,19.548,11.93,Clouds,NextDay,1
2021-08-18 05:52:34.603747-04:00,19.548,11.93,Clouds,NextDay,1
2021-08-18 06:22:34.941281-04:00,18.684,11.48,Clouds,NextDay,1
2021-08-18 06:52:35.251865-04:00,18.684,11.48,Clouds,NextDay,1
2021-08-18 07:22:35.605242-04:00,15.012,10.21,Clouds,NextDay,1
2021-08-18 07:52:35.837779-04:00,13.86,9.63,Clouds,NextDay,1
2021-08-18 08:19:54.721590-04:00,10.512,8.41,Clouds,NextDay,1
2021-08-18 08:28:03.418722-04:00,9.648,8.48,Clouds,NextDay,1
2021-08-18 08:39:45.450046-04:00,9.648,8.48,Clouds,NextDay,1
2021-08-18 08:45:20.521502-04:00,9.648,8.48,Clouds,NextDay,1
2021-08-18 09:15:21.030320-04:00,8.64,5.49,Clouds,NextDay,1
2021-08-18 09:45:21.349252-04:00,8.64,5.49,Clouds,NextDay,1
2021-08-18 10:15:21.651879-04:00,9.936,0.93,Clouds,NextDay,1
2021-08-18 10:45:21.953660-04:00,9.936,0.93,Clouds,NextDay,1
2021-08-18 11:15:22.281312-04:00,10.655999999999999,0.52,Clouds,NextDay,1
2021-08-18 11:45:22.651849-04:00,10.655999999999999,0.52,Clouds,NextDay,1
2021-08-18 12:15:22.961245-04:00,10.62,-0.19,Clouds,NextDay,1
2021-08-18 12:45:23.203509-04:00,10.62,-0.19,Clouds,NextDay,1
2021-08-18 13:15:23.489834-04:00,9.252,1.38,Clouds,NextDay,1
2021-08-18 13:45:23.755425-04:00,9.252,1.38,Clouds,NextDay,1
2021-08-18 14:15:24.057238-04:00,7.056,2.08,Clouds,NextDay,1
2021-08-18 14:45:24.301244-04:00,7.56,1.88,Clouds,NextDay,1
2021-08-18 15:15:24.569272-04:00,6.0120000000000005,2.11,Clouds,NextDay,1
2021-08-18 15:45:24.947830-04:00,6.0120000000000005,2.11,Clouds,NextDay,1
2021-08-18 16:15:25.233249-04:00,7.0920000000000005,1.6,Clouds,NextDay,1
2021-08-18 16:45:25.551948-04:00,7.0920000000000005,1.6,Clouds,NextDay,1
2021-08-18 17:15:26.093320-04:00,6.66,1.93,Clouds,NextDay,1
2021-08-18 17:45:26.348826-04:00,6.66,1.93,Clouds,NextDay,1
2021-08-18 18:15:26.611664-04:00,8.604000000000001,1.54,Clouds,NextDay,1
2021-08-18 18:45:27.137953-04:00,8.604000000000001,1.54,Clouds,NextDay,1
2021-08-18 19:15:27.441152-04:00,10.44,0.79,Clouds,NextDay,1
2021-08-18 19:45:27.679332-04:00,10.44,0.79,Clouds,NextDay,1
2021-08-18 20:15:27.948042-04:00,10.008,0.63,Clouds,NextDay,1
2021-08-18 20:45:28.205251-04:00,10.008,0.63,Clouds,NextDay,1
2021-08-18 21:15:28.597246-04:00,10.152000000000001,1.19,Clouds,NextDay,1
2021-08-18 21:45:28.864879-04:00,10.152000000000001,1.19,Clouds,NextDay,1
2021-08-18 22:15:29.142773-04:00,7.667999999999999,4.44,Clouds,NextDay,1
2021-08-18 22:45:29.381320-04:00,7.667999999999999,4.44,Clouds,NextDay,1
2021-08-18 23:15:29.639275-04:00,8.136000000000001,6.42,Clouds,NextDay,1
2021-08-18 23:45:29.937361-04:00,8.136000000000001,6.42,Clouds,NextDay,1
2021-08-19 00:15:30.257257-04:00,7.56,7.65,Clouds,NextDay,1
2021-08-19 00:45:30.501256-04:00,7.56,7.65,Clouds,NextDay,1
2021-08-19 01:15:30.769773-04:00,6.047999999999999,8.87,Clouds,NextDay,1
2021-08-19 01:45:31.109256-04:00,6.047999999999999,8.87,Clouds,NextDay,1
2021-08-19 02:15:31.389265-04:00,6.156000000000001,8.29,Clouds,NextDay,1
2021-08-19 02:45:31.672565-04:00,5.94,8.37,Clouds,NextDay,1
2021-08-19 03:15:31.951855-04:00,5.652,9.52,Clouds,NextDay,1
2021-08-19 03:45:32.205278-04:00,5.652,9.52,Clouds,NextDay,1
2021-08-19 03:50:57.018655-04:00,5.652,9.52,Clouds,NextDay,1
2021-08-19 03:57:18.318902-04:00,5.652,9.52,Clouds,NextDay,1
2021-08-19 04:02:43.322293-04:00,6.12,10.27,Clouds,NextDay,1
2021-08-19 04:32:43.837382-04:00,6.12,10.27,Clouds,NextDay,1
2021-08-19 05:02:44.141274-04:00,5.256,10.58,Clouds,NextDay,1
2021-08-19 05:32:44.441343-04:00,5.256,10.58,Clouds,NextDay,1
2021-08-19 06:02:44.740326-04:00,8.244,10.37,Clouds,NextDay,1
2021-08-19 06:32:45.037253-04:00,8.244,10.37,Clouds,NextDay,1
2021-08-19 07:02:45.282390-04:00,5.58,9.2,Clouds,NextDay,1
2021-08-19 07:32:45.546251-04:00,5.58,9.2,Clouds,NextDay,1
2021-08-19 08:02:45.851772-04:00,5.58,9.49,Clouds,NextDay,1
2021-08-19 08:32:46.105287-04:00,5.58,9.49,Clouds,NextDay,1
2021-08-19 09:02:46.385302-04:00,6.732,8.13,Clouds,NextDay,1
2021-08-19 09:32:46.652568-04:00,6.732,8.13,Clouds,NextDay,1
2021-08-19 10:02:46.975921-04:00,5.652,6.56,Clouds,NextDay,1
2021-08-19 10:32:47.318473-04:00,5.652,6.56,Clouds,NextDay,1
2021-08-19 11:02:47.609258-04:00,6.876,5.1,Clouds,NextDay,1
2021-08-19 11:32:47.898554-04:00,6.876,5.1,Clouds,NextDay,1
2021-08-19 12:02:48.213259-04:00,8.46,2.49,Clouds,NextDay,1
2021-08-19 12:32:48.479028-04:00,8.46,2.49,Clouds,NextDay,1
2021-08-19 13:02:48.809273-04:00,6.444,1.94,Clouds,NextDay,1
2021-08-19 13:32:49.105240-04:00,6.444,1.94,Clouds,NextDay,1
2021-08-19 14:02:49.383936-04:00,3.852,4.34,Clouds,NextDay,1
2021-08-19 14:32:49.681329-04:00,4.212,3.51,Clouds,NextDay,1
2021-08-19 15:02:50.033670-04:00,5.976,2.01,Clouds,NextDay,1
2021-08-19 15:32:50.446013-04:00,5.976,2.01,Clouds,NextDay,1
2021-08-19 16:02:50.689235-04:00,8.892000000000003,0.69,Clouds,NextDay,1
2021-08-19 16:32:51.141980-04:00,8.892000000000003,0.69,Clouds,NextDay,1
2021-08-19 17:02:51.441253-04:00,12.204,-0.02,Clouds,NextDay,1
2021-08-19 17:32:51.741326-04:00,12.204,-0.02,Clouds,NextDay,1
2021-08-19 18:02:51.977896-04:00,11.304,0.1,Clouds,NextDay,1
2021-08-19 18:32:52.211036-04:00,11.304,0.1,Clouds,NextDay,1
2021-08-19 19:02:52.533301-04:00,11.736,0.68,Clouds,NextDay,1
2021-08-19 19:32:52.798826-04:00,11.736,0.68,Clouds,NextDay,1
2021-08-19 20:02:53.073259-04:00,11.015999999999998,1.21,Clouds,NextDay,1
2021-08-19 20:32:53.377864-04:00,11.015999999999998,0.5,Clouds,NextDay,1
2021-08-19 21:02:53.657942-04:00,11.196,1.39,Clouds,NextDay,1
2021-08-19 21:32:53.939117-04:00,11.196,1.39,Clouds,NextDay,1
2021-08-19 22:02:54.263644-04:00,9.108,4.31,Clouds,NextDay,1
2021-08-19 22:32:54.613297-04:00,9.108,4.31,Clouds,NextDay,1
2021-08-19 23:02:54.885322-04:00,6.263999999999999,7.44,Clouds,NextDay,1
2021-08-19 23:32:55.241313-04:00,6.263999999999999,7.44,Clouds,NextDay,1
2021-08-20 00:02:55.501615-04:00,2.484,9.46,Clouds,NextDay,1
2021-08-20 00:32:55.744963-04:00,2.484,9.46,Clouds,NextDay,1
2021-08-20 01:02:56.051800-04:00,3.924,8.74,Clouds,NextDay,1
2021-08-20 01:32:56.329255-04:00,3.924,8.74,Clouds,NextDay,1
2021-08-20 02:02:56.590452-04:00,5.6160000000000005,10.2,Clouds,NextDay,1
2021-08-20 02:32:56.945251-04:00,5.832000000000002,10.36,Clouds,NextDay,1
2021-08-20 03:02:57.217854-04:00,8.28,11.47,Clear,NextDay,1
2021-08-20 03:32:57.489334-04:00,8.28,11.47,Clear,NextDay,1
2021-08-20 04:02:57.789363-04:00,11.628,12.77,Clouds,NextDay,1
2021-08-20 04:32:58.117849-04:00,11.628,12.77,Clouds,NextDay,1
2021-08-20 05:02:58.449251-04:00,15.048,13.14,Clouds,NextDay,1
2021-08-20 05:32:58.761354-04:00,15.048,13.14,Clouds,NextDay,1
2021-08-20 06:02:59.051135-04:00,11.448,12.67,Clouds,NextDay,1
2021-08-20 06:32:59.352696-04:00,11.448,12.67,Clouds,NextDay,1
2021-08-20 07:02:59.653714-04:00,7.956,12.01,Clouds,NextDay,1
2021-08-20 07:32:59.999666-04:00,7.956,12.01,Clouds,NextDay,1
2021-08-20 08:03:00.409261-04:00,11.736,11.06,Clouds,NextDay,1
2021-08-20 08:33:00.788768-04:00,8.208,8.3,Clouds,NextDay,1
2021-08-20 09:03:01.037261-04:00,3.6,9.31,Clouds,NextDay,1
2021-08-20 09:33:01.586694-04:00,3.6,9.31,Clouds,NextDay,1
2021-08-20 10:03:01.910952-04:00,10.08,3.98,Clouds,NextDay,1
2021-08-20 10:33:02.301276-04:00,10.08,3.98,Clouds,NextDay,1
2021-08-20 11:03:02.593199-04:00,11.88,3.2,Clouds,NextDay,1
2021-08-20 11:33:03.180302-04:00,11.88,3.2,Clouds,NextDay,1
2021-08-20 12:03:03.465249-04:00,12.384,2.55,Clouds,NextDay,1
2021-08-20 12:33:03.793248-04:00,12.384,2.55,Clouds,NextDay,1
2021-08-20 13:03:04.469335-04:00,11.16,3.01,Clouds,NextDay,1
2021-08-20 13:33:04.751776-04:00,11.16,3.01,Clouds,NextDay,1
2021-08-20 14:03:05.241238-04:00,10.152000000000001,1.54,Clouds,NextDay,1
2021-08-20 14:33:05.537890-04:00,10.152000000000001,1.54,Clouds,NextDay,1
2021-08-20 15:03:05.960107-04:00,9.9,1.38,Clouds,NextDay,1
2021-08-20 15:33:06.257598-04:00,9.9,1.38,Clouds,NextDay,1
2021-08-20 16:03:06.788386-04:00,9.396,1.36,Clouds,NextDay,1
2021-08-20 16:33:07.233194-04:00,9.396,1.36,Clouds,NextDay,1
2021-08-20 17:03:07.531001-04:00,9.684,0.9,Clouds,NextDay,1
2021-08-20 17:33:07.824321-04:00,9.684,0.9,Clouds,NextDay,1
2021-08-20 18:03:08.161388-04:00,9.863999999999999,0.57,Clouds,NextDay,1
2021-08-20 18:33:08.769240-04:00,9.863999999999999,0.57,Clouds,NextDay,1
2021-08-20 19:03:09.072445-04:00,9.252,0.16,Clouds,NextDay,1
2021-08-20 19:33:09.353438-04:00,9.252,0.16,Clouds,NextDay,1
2021-08-20 20:03:09.744926-04:00,9.863999999999999,0.11,Clouds,NextDay,1
2021-08-20 20:33:10.051801-04:00,9.863999999999999,0.11,Clouds,NextDay,1
2021-08-20 21:03:10.545354-04:00,9.612,0.9,Clouds,NextDay,1
2021-08-20 21:33:11.077255-04:00,9.612,0.9,Clouds,NextDay,1
2021-08-20 22:03:11.581357-04:00,5.724,6.32,Clouds,NextDay,1
2021-08-20 22:33:11.845254-04:00,5.724,6.32,Clouds,NextDay,1
2021-08-20 23:03:12.297247-04:00,4.5360000000000005,9.07,Clouds,NextDay,1
2021-08-20 23:33:12.589283-04:00,4.5360000000000005,9.07,Clouds,NextDay,1
2021-08-21 00:03:12.893250-04:00,7.848000000000001,8.48,Clouds,NextDay,1
2021-08-21 00:33:13.179928-04:00,7.848000000000001,8.48,Clouds,NextDay,1
2021-08-21 01:03:13.453722-04:00,9.432,9.97,Clouds,NextDay,1
2021-08-21 01:33:13.751828-04:00,9.432,9.97,Clouds,NextDay,1
2021-08-21 02:03:14.021263-04:00,11.16,11.37,Clear,NextDay,1
2021-08-21 02:33:14.300363-04:00,11.16,11.37,Clear,NextDay,1
2021-08-21 03:03:14.624897-04:00,13.572,12.61,Clouds,NextDay,1
2021-08-21 03:33:14.874503-04:00,13.572,12.61,Clouds,NextDay,1
2021-08-21 04:03:15.273086-04:00,16.704,13.31,Clouds,NextDay,1
2021-08-21 04:33:15.590276-04:00,16.704,13.31,Clouds,NextDay,1
2021-08-21 05:03:16.069302-04:00,19.116,13.18,Clouds,NextDay,1
2021-08-21 05:33:16.384315-04:00,19.116,13.18,Clouds,NextDay,1
2021-08-21 06:03:16.693324-04:00,19.332,13.02,Clouds,NextDay,1
2021-08-21 06:33:17.021247-04:00,19.332,13.02,Clouds,NextDay,1
2021-08-21 07:03:17.310361-04:00,19.836,12.17,Clouds,NextDay,1
2021-08-21 07:33:17.837244-04:00,19.836,12.17,Clouds,NextDay,1
2021-08-21 08:03:18.117976-04:00,18.072,11.11,Clouds,NextDay,1
2021-08-21 08:33:18.421243-04:00,18.072,11.11,Clouds,NextDay,1
2021-08-21 09:03:18.703549-04:00,12.24,9.11,Clouds,NextDay,1
2021-08-21 09:33:19.001283-04:00,12.24,9.11,Clouds,NextDay,1
2021-08-21 10:03:19.242241-04:00,7.236000000000001,7.01,Clouds,NextDay,1
2021-08-21 10:33:19.495872-04:00,7.236000000000001,7.01,Clouds,NextDay,1
2021-08-21 11:03:20.085247-04:00,4.248,6.83,Clouds,NextDay,1
2021-08-21 11:33:20.409242-04:00,4.248,6.83,Clouds,NextDay,1
2021-08-21 12:03:20.873321-04:00,1.98,4.94,Clouds,NextDay,1
2021-08-21 12:33:21.757843-04:00,1.98,4.94,Clouds,NextDay,1
2021-08-21 13:03:22.073238-04:00,2.8440000000000003,4.49,Clouds,NextDay,1
2021-08-21 13:33:22.837252-04:00,2.8440000000000003,4.49,Clouds,NextDay,1
2021-08-21 14:03:23.565255-04:00,5.724,2.01,Clouds,NextDay,1
2021-08-21 14:33:24.345289-04:00,5.724,2.01,Clouds,NextDay,1
2021-08-21 15:03:25.091141-04:00,6.5520000000000005,1.36,Clear,NextDay,1
2021-08-21 15:33:25.854386-04:00,6.5520000000000005,1.36,Clear,NextDay,1
2021-08-21 16:03:26.365365-04:00,7.236000000000001,0.84,Clear,NextDay,1
2021-08-21 16:33:26.829390-04:00,7.236000000000001,0.84,Clear,NextDay,1
2021-08-21 17:03:27.127236-04:00,8.244,0.27,Clear,NextDay,1
2021-08-21 17:33:27.846023-04:00,8.244,0.27,Clear,NextDay,1
2021-08-21 18:03:28.573800-04:00,8.388,-0.1,Clear,NextDay,1
2021-08-21 18:33:29.068770-04:00,8.388,-0.1,Clear,NextDay,1
2021-08-21 19:03:29.417849-04:00,8.28,-0.34,Clear,NextDay,1
2021-08-21 19:33:29.685255-04:00,8.28,-0.34,Clear,NextDay,1
2021-08-21 20:03:30.157240-04:00,7.6320000000000014,-0.46,Clear,NextDay,1
2021-08-21 20:33:30.509260-04:00,8.172,-0.62,Clear,NextDay,1
2021-08-21 21:03:30.754625-04:00,7.8839999999999995,0.62,Clear,NextDay,1
2021-08-21 21:33:31.017864-04:00,7.8839999999999995,0.62,Clear,NextDay,1
2021-08-21 22:03:31.301426-04:00,4.14,6.81,Clear,NextDay,1
2021-08-21 22:33:31.789550-04:00,4.14,6.81,Clear,NextDay,1
2021-08-21 23:03:32.309264-04:00,4.0680000000000005,8.59,Clear,NextDay,1
2021-08-21 23:33:32.589308-04:00,4.0680000000000005,8.59,Clear,NextDay,1
2021-08-22 00:03:32.853451-04:00,5.4,7.88,Clear,NextDay,1
2021-08-22 00:33:33.353521-04:00,5.4,7.88,Clear,NextDay,1
2021-08-22 01:03:33.626097-04:00,6.84,9.38,Clear,NextDay,1
2021-08-22 01:33:33.957244-04:00,6.84,9.38,Clear,NextDay,1
2021-08-22 02:03:34.237240-04:00,8.82,10.66,Clear,NextDay,1
2021-08-22 02:33:34.549287-04:00,8.82,10.66,Clear,NextDay,1
2021-08-22 03:03:34.838260-04:00,12.06,12.13,Clouds,NextDay,1
2021-08-22 03:33:35.113322-04:00,12.06,12.13,Clouds,NextDay,1
2021-08-22 04:03:35.357256-04:00,14.255999999999998,12.75,Clouds,NextDay,1
2021-08-22 04:33:35.633248-04:00,14.255999999999998,12.75,Clouds,NextDay,1
2021-08-22 05:03:35.959141-04:00,15.228000000000002,12.17,Rain,NextDay,1
2021-08-22 05:33:36.469586-04:00,15.228000000000002,12.17,Rain,NextDay,1
2021-08-22 06:03:36.973245-04:00,10.835999999999999,11.07,Clouds,NextDay,1
2021-08-22 06:33:37.393334-04:00,10.835999999999999,11.07,Clouds,NextDay,1
2021-08-22 07:03:37.711297-04:00,8.604000000000001,10.84,Clouds,NextDay,1
2021-08-22 07:33:37.969958-04:00,8.604000000000001,10.84,Clouds,NextDay,1
2021-08-22 08:03:38.441429-04:00,11.376,9.55,Clouds,NextDay,1
2021-08-22 08:33:38.729290-04:00,6.5520000000000005,8.67,Clouds,NextDay,1
2021-08-22 09:03:39.241338-04:00,5.8679999999999986,8.18,Clouds,NextDay,1
2021-08-22 09:33:39.477254-04:00,5.8679999999999986,8.18,Clouds,NextDay,1
2021-08-22 10:03:39.781423-04:00,9.108,3.85,Clouds,NextDay,1
2021-08-22 10:33:40.226744-04:00,9.108,3.85,Clouds,NextDay,1
2021-08-22 11:03:40.509258-04:00,10.692,0.91,Clouds,NextDay,1
2021-08-22 11:33:40.773261-04:00,10.692,0.91,Clouds,NextDay,1
2021-08-22 12:03:41.304596-04:00,10.224,0.21,Clouds,NextDay,1
2021-08-22 12:33:41.586532-04:00,10.224,0.21,Clouds,NextDay,1
2021-08-22 13:03:41.901334-04:00,9.576,0.05,Clouds,NextDay,1
2021-08-22 13:33:42.197271-04:00,9.576,0.05,Clouds,NextDay,1
2021-08-22 14:03:42.488802-04:00,11.808,-0.97,Clouds,NextDay,1
2021-08-22 14:33:42.821386-04:00,11.808,-0.97,Clouds,NextDay,1
2021-08-22 15:03:43.106972-04:00,10.512,-0.6,Clouds,NextDay,1
2021-08-22 15:33:43.356107-04:00,10.512,-0.6,Clouds,NextDay,1
2021-08-22 16:03:43.901053-04:00,9.468,-0.87,Clouds,NextDay,1
2021-08-22 16:33:44.189090-04:00,9.468,-0.87,Clouds,NextDay,1
2021-08-22 17:03:44.453008-04:00,9.072,-1.82,Clouds,NextDay,1
2021-08-22 17:33:44.745250-04:00,9.072,-1.82,Clouds,NextDay,1
2021-08-22 18:03:45.051865-04:00,8.316,-1.91,Clouds,NextDay,1
2021-08-22 18:33:45.293951-04:00,8.316,-1.91,Clouds,NextDay,1
2021-08-22 19:03:45.569316-04:00,7.524,-1.96,Clouds,NextDay,1
2021-08-22 19:33:45.872245-04:00,7.524,-1.96,Clouds,NextDay,1
2021-08-22 20:03:46.105400-04:00,6.228,-1.56,Clouds,NextDay,1
2021-08-22 20:33:46.409272-04:00,6.228,-1.56,Clouds,NextDay,1
2021-08-22 21:03:46.925248-04:00,6.5520000000000005,-0.6,Clear,NextDay,1
2021-08-22 21:33:47.297274-04:00,6.5520000000000005,-0.6,Clear,NextDay,1
2021-08-22 22:03:47.597373-04:00,3.168,4.97,Clear,NextDay,1
2021-08-22 22:33:47.854260-04:00,3.168,4.97,Clear,NextDay,1
2021-08-22 23:03:48.154390-04:00,5.904,5.64,Clear,NextDay,1
2021-08-22 23:33:48.469327-04:00,5.904,5.64,Clear,NextDay,1
2021-08-23 00:03:48.745243-04:00,8.748000000000001,6.41,Clear,NextDay,1
2021-08-23 00:33:49.073003-04:00,8.748000000000001,6.41,Clear,NextDay,1
2021-08-23 01:03:49.473243-04:00,11.232,7.83,Clouds,NextDay,1
2021-08-23 01:33:50.147012-04:00,11.232,7.83,Clouds,NextDay,1
2021-08-23 02:03:50.453414-04:00,14.255999999999998,8.81,Clouds,NextDay,1
2021-08-23 02:33:50.781375-04:00,11.628,8.35,Clouds,NextDay,1
2021-08-23 03:03:51.554885-04:00,14.436,8.82,Clouds,NextDay,1
2021-08-23 03:33:52.301275-04:00,14.436,8.82,Clouds,NextDay,1
2021-08-23 04:03:53.061263-04:00,14.58,9.09,Clouds,NextDay,1
2021-08-23 04:33:53.791265-04:00,14.58,9.09,Clouds,NextDay,1
2021-08-23 05:03:54.549328-04:00,14.724,9.52,Clouds,NextDay,1
2021-08-23 05:33:55.326666-04:00,14.724,9.52,Clouds,NextDay,1
2021-08-23 06:03:55.873290-04:00,16.740000000000002,9.69,Clouds,NextDay,1
2021-08-23 06:33:56.163499-04:00,16.740000000000002,9.69,Clouds,NextDay,1
2021-08-23 07:03:56.481614-04:00,18.216,9.37,Clouds,NextDay,1
2021-08-23 07:33:57.265297-04:00,18.216,9.37,Clouds,NextDay,1
2021-08-23 08:03:57.537248-04:00,16.38,8.17,Clouds,NextDay,1
2021-08-23 08:33:58.285257-04:00,15.732,8.05,Clouds,NextDay,1
2021-08-23 09:03:58.668819-04:00,13.14,6.4,Clear,NextDay,1
2021-08-23 09:33:59.665238-04:00,13.14,6.4,Clear,NextDay,1
2021-08-23 10:04:00.093250-04:00,7.272,2.68,Clear,NextDay,1
2021-08-23 10:34:00.859340-04:00,7.272,2.68,Clear,NextDay,1
2021-08-23 11:04:01.293249-04:00,2.268,3.42,Clear,NextDay,1
2021-08-23 11:34:01.977291-04:00,2.268,3.42,Clear,NextDay,1
2021-08-23 12:04:02.489251-04:00,2.0160000000000005,2.94,Clouds,NextDay,1
2021-08-23 12:34:03.447185-04:00,2.0160000000000005,2.94,Clouds,NextDay,1
2021-08-23 13:04:03.794139-04:00,4.284,2.63,Clouds,NextDay,1
2021-08-23 13:34:04.089270-04:00,4.284,2.63,Clouds,NextDay,1
2021-08-23 14:04:04.413336-04:00,5.760000000000002,0.47,Clear,NextDay,1
2021-08-23 14:34:04.693377-04:00,5.760000000000002,0.47,Clear,NextDay,1
2021-08-23 15:04:05.257321-04:00,5.292000000000001,0.26,Clear,NextDay,1
2021-08-23 15:34:05.593310-04:00,5.292000000000001,0.26,Clear,NextDay,1
2021-08-23 16:04:05.871195-04:00,4.6800000000000015,1.32,Clear,NextDay,1
2021-08-23 16:34:06.181339-04:00,4.6800000000000015,1.32,Clear,NextDay,1
2021-08-23 17:04:06.462077-04:00,4.3919999999999995,0.92,Clear,NextDay,1
2021-08-23 17:34:06.754444-04:00,4.3919999999999995,0.92,Clear,NextDay,1
2021-08-23 18:04:07.031071-04:00,5.436,-1.1,Clear,NextDay,1
2021-08-23 18:34:07.985248-04:00,5.436,-1.1,Clear,NextDay,1
2021-08-23 19:04:08.764804-04:00,6.3,-1.8,Clear,NextDay,1
2021-08-23 19:34:09.069255-04:00,6.3,-1.8,Clear,NextDay,1
2021-08-23 20:04:09.377243-04:00,7.02,-2.21,Clear,NextDay,1
2021-08-23 20:34:10.157247-04:00,7.308,-2.04,Clear,NextDay,1
2021-08-23 21:04:10.418795-04:00,7.848000000000001,-1.28,Clear,NextDay,1
2021-08-23 21:34:10.778254-04:00,7.848000000000001,-1.28,Clear,NextDay,1
2021-08-23 22:04:11.350713-04:00,4.644,4.89,Clear,NextDay,1
2021-08-23 22:34:11.657255-04:00,4.644,4.89,Clear,NextDay,1
2021-08-23 23:04:11.957438-04:00,3.96,6.72,Clear,NextDay,1
2021-08-23 23:34:12.260547-04:00,3.96,6.72,Clear,NextDay,1
2021-08-24 00:04:12.568050-04:00,6.6960000000000015,6.99,Clear,NextDay,1
2021-08-24 00:34:12.871020-04:00,6.6960000000000015,6.99,Clear,NextDay,1
2021-08-24 01:04:13.207598-04:00,9.036,8.01,Clear,NextDay,1
2021-08-24 01:34:13.771587-04:00,9.036,8.01,Clear,NextDay,1
2021-08-24 02:04:14.065259-04:00,10.764,8.44,Clear,NextDay,1
2021-08-24 02:34:14.348270-04:00,10.764,8.44,Clear,NextDay,1
2021-08-24 03:04:14.649305-04:00,13.14,9.81,Clear,NextDay,1
2021-08-24 03:34:14.942081-04:00,13.14,9.81,Clear,NextDay,1
2021-08-24 04:04:15.492787-04:00,16.812,10.76,Clear,NextDay,1
2021-08-24 04:34:15.801243-04:00,16.812,10.76,Clear,NextDay,1
2021-08-24 05:04:16.113302-04:00,19.764000000000006,10.8,Clear,NextDay,1
2021-08-24 05:34:16.499943-04:00,19.764000000000006,10.8,Clear,NextDay,1
2021-08-24 06:04:16.839530-04:00,19.368,10.35,Clear,NextDay,1
2021-08-24 06:34:17.202045-04:00,19.368,10.35,Clear,NextDay,1
2021-08-24 07:04:17.961902-04:00,17.208000000000002,9.56,Clear,NextDay,1
2021-08-24 07:34:18.238294-04:00,17.208000000000002,9.56,Clear,NextDay,1
2021-08-24 08:04:18.963260-04:00,15.12,8.37,Clear,NextDay,1
2021-08-24 08:34:19.717859-04:00,15.588,8.41,Clear,NextDay,1
2021-08-24 09:04:20.450323-04:00,12.276000000000002,6.75,Clear,NextDay,1
2021-08-24 09:34:21.329385-04:00,12.276000000000002,6.75,Clear,NextDay,1
2021-08-24 10:04:21.681266-04:00,6.444,2.57,Clear,NextDay,1
2021-08-24 10:28:55.550760-04:00,6.444,2.57,Clear,NextDay,1
2021-08-24 10:58:56.328244-04:00,6.444,2.57,Clear,NextDay,1
2021-08-24 11:28:56.633248-04:00,0.648,2.96,Clear,NextDay,1
2021-08-24 11:58:56.913415-04:00,0.648,2.96,Clear,NextDay,1
2021-08-24 12:28:57.202272-04:00,3.3480000000000003,2.54,Clear,NextDay,1
2021-08-24 12:58:57.486944-04:00,3.3480000000000003,2.54,Clear,NextDay,1
2021-08-24 13:28:57.762838-04:00,5.8679999999999986,0.54,Clear,NextDay,1
2021-08-24 13:58:58.093283-04:00,5.832000000000002,0.18,Clear,NextDay,1
2021-08-24 14:28:58.392025-04:00,6.66,-0.36,Clear,NextDay,1
2021-08-24 14:58:58.699933-04:00,6.66,-0.36,Clear,NextDay,1
2021-08-24 15:28:58.986292-04:00,6.732,-0.54,Clouds,NextDay,1
2021-08-24 15:58:59.289252-04:00,6.732,-0.54,Clouds,NextDay,1
2021-08-24 16:28:59.573251-04:00,7.2,-0.96,Clouds,NextDay,1
2021-08-24 16:58:59.861358-04:00,7.2,-0.96,Clouds,NextDay,1
2021-08-24 17:29:00.211231-04:00,7.416,-1.33,Clear,NextDay,1
2021-08-24 17:59:00.485663-04:00,7.416,-1.33,Clear,NextDay,1
2021-08-24 18:29:00.769876-04:00,7.667999999999999,-1.64,Clear,NextDay,1
2021-08-24 18:59:01.057271-04:00,7.667999999999999,-1.64,Clear,NextDay,1
2021-08-24 19:29:01.377269-04:00,7.920000000000001,-1.97,Clear,NextDay,1
2021-08-24 19:59:01.866411-04:00,7.920000000000001,-1.97,Clear,NextDay,1
2021-08-24 20:29:02.138399-04:00,8.172,-2.35,Clear,NextDay,1
2021-08-24 20:59:02.443895-04:00,8.172,-2.35,Clear,NextDay,1
2021-08-24 21:29:02.733050-04:00,8.136000000000001,-1.36,Clear,NextDay,1
2021-08-24 21:59:03.029256-04:00,8.136000000000001,-1.36,Clear,NextDay,1
2021-08-24 22:29:03.469529-04:00,4.896000000000001,4.04,Clear,NextDay,1
2021-08-24 22:59:03.744936-04:00,4.896000000000001,4.04,Clear,NextDay,1
2021-08-24 23:29:04.233244-04:00,4.716,6.78,Clear,NextDay,1
2021-08-24 23:59:04.509283-04:00,4.716,6.78,Clear,NextDay,1
2021-08-25 00:29:04.788753-04:00,7.992000000000001,6.88,Clear,NextDay,1
2021-08-25 00:59:05.081497-04:00,7.992000000000001,6.88,Clear,NextDay,1
2021-08-25 01:29:05.359654-04:00,9.972000000000001,8.29,Clear,NextDay,1
2021-08-25 01:59:05.637301-04:00,9.972000000000001,8.29,Clear,NextDay,1
2021-08-25 02:29:05.917847-04:00,11.484000000000002,8.83,Clear,NextDay,1
2021-08-25 02:59:06.289541-04:00,11.484000000000002,8.83,Clear,NextDay,1
2021-08-25 03:29:06.788586-04:00,14.075999999999999,10.03,Clear,NextDay,1
2021-08-25 03:59:07.085267-04:00,14.075999999999999,10.03,Clear,NextDay,1
2021-08-25 04:29:07.385280-04:00,16.776,10.8,Clear,NextDay,1
2021-08-25 04:59:07.674788-04:00,16.776,10.8,Clear,NextDay,1
2021-08-25 05:19:42.920877-04:00,20.592,10.81,Clear,NextDay,1
2021-08-25 05:26:16.221671-04:00,20.592,10.81,Clear,NextDay,1
2021-08-25 05:56:16.729249-04:00,20.592,10.81,Clear,NextDay,1
2021-08-25 06:26:17.013247-04:00,19.872,10.31,Clear,NextDay,1
2021-08-25 06:56:17.369284-04:00,19.872,10.31,Clear,NextDay,1
2021-08-25 07:26:17.640522-04:00,17.82,9.33,Clear,NextDay,1
2021-08-25 07:56:17.945704-04:00,18.72,9.25,Clear,NextDay,1
2021-08-25 08:26:18.273269-04:00,16.524,8.12,Clear,NextDay,1
2021-08-25 08:56:18.570029-04:00,16.668,8.09,Clear,NextDay,1
2021-08-25 09:26:18.893274-04:00,12.672,6.3,Clear,NextDay,1
2021-08-25 09:56:19.181262-04:00,12.672,6.3,Clear,NextDay,1
2021-08-25 10:26:19.459050-04:00,6.6240000000000006,2.02,Clear,NextDay,1
2021-08-25 10:33:38.923441-04:00,6.6240000000000006,2.02,Clear,NextDay,1
2021-08-25 10:58:43.937470-04:00,6.6240000000000006,2.02,Clear,NextDay,1
2021-08-25 11:28:44.725089-04:00,1.1880000000000002,2.52,Clear,NextDay,1
2021-08-25 11:58:45.001151-04:00,1.1880000000000002,2.52,Clear,NextDay,1
2021-08-25 12:28:45.628912-04:00,4.14,2.12,Clear,NextDay,1
2021-08-25 12:58:46.113248-04:00,4.14,2.12,Clear,NextDay,1
2021-08-25 13:28:46.373387-04:00,5.0760000000000005,0.38,Clear,NextDay,1
2021-08-25 13:58:46.657247-04:00,5.0760000000000005,0.38,Clear,NextDay,1
2021-08-25 14:28:47.162574-04:00,6.6960000000000015,-1.0,Clear,NextDay,1
2021-08-25 14:58:47.505251-04:00,6.6960000000000015,-1.0,Clear,NextDay,1
2021-08-25 15:28:47.802672-04:00,6.8039999999999985,-1.31,Clear,NextDay,1
2021-08-25 15:58:48.289266-04:00,6.8039999999999985,-1.31,Clear,NextDay,1
2021-08-25 16:28:48.601405-04:00,6.8039999999999985,-1.57,Clear,NextDay,1
2021-08-25 16:58:48.897287-04:00,6.8039999999999985,-1.57,Clear,NextDay,1
2021-08-25 17:28:49.185260-04:00,7.056,-1.85,Clear,NextDay,1
2021-08-25 17:58:49.485258-04:00,7.056,-1.85,Clear,NextDay,1
2021-08-25 18:28:49.781244-04:00,7.56,-2.17,Clear,NextDay,1
2021-08-25 18:58:50.073255-04:00,7.56,-2.17,Clear,NextDay,1
2021-08-25 19:28:50.549249-04:00,7.343999999999999,-2.28,Clear,NextDay,1
2021-08-25 19:58:50.841304-04:00,7.056,-2.13,Clouds,NextDay,1
2021-08-25 20:28:51.129286-04:00,6.948,-2.22,Clouds,NextDay,1
2021-08-25 20:58:51.412443-04:00,6.948,-2.22,Clouds,NextDay,1
2021-08-25 21:28:51.891218-04:00,7.056,-1.27,Clouds,NextDay,1
2021-08-25 21:58:52.151767-04:00,7.056,-1.27,Clouds,NextDay,1
2021-08-25 22:28:52.445285-04:00,3.78,4.78,Clouds,NextDay,1
2021-08-25 22:58:52.697265-04:00,3.78,4.78,Clouds,NextDay,1
2021-08-25 23:28:52.973265-04:00,6.516,5.71,Clouds,NextDay,1
2021-08-25 23:58:53.301251-04:00,6.516,5.71,Clouds,NextDay,1
2021-08-26 00:28:53.593521-04:00,8.856,6.66,Clouds,NextDay,1
2021-08-26 00:58:53.889259-04:00,8.856,6.66,Clouds,NextDay,1
2021-08-26 01:28:54.163341-04:00,11.556,7.94,Clouds,NextDay,1
2021-08-26 01:58:54.452527-04:00,11.556,7.94,Clouds,NextDay,1
2021-08-26 02:28:55.417854-04:00,13.716,8.26,Clouds,NextDay,1
2021-08-26 02:58:55.829387-04:00,13.716,8.26,Clouds,NextDay,1
2021-08-26 03:28:56.593262-04:00,16.344,9.16,Clouds,NextDay,1
2021-08-26 03:58:56.866361-04:00,16.344,9.16,Clouds,NextDay,1
2021-08-26 04:28:57.634717-04:00,19.404,9.51,Clouds,NextDay,1
2021-08-26 04:58:57.877292-04:00,19.404,9.51,Clouds,NextDay,1
2021-08-26 05:28:58.177254-04:00,20.555999999999997,9.55,Clouds,NextDay,1
2021-08-26 05:58:58.413269-04:00,20.555999999999997,9.55,Clouds,NextDay,1
2021-08-26 06:28:58.768131-04:00,18.684,9.16,Clouds,NextDay,1
2021-08-26 06:58:59.135522-04:00,18.684,9.16,Clouds,NextDay,1
2021-08-26 07:28:59.490108-04:00,17.064,8.58,Clouds,NextDay,1
2021-08-26 07:58:59.766414-04:00,17.064,8.58,Clouds,NextDay,1
2021-08-26 08:29:00.073254-04:00,16.812,7.49,Clouds,NextDay,1
2021-08-26 08:59:00.596073-04:00,18.18,6.91,Clouds,NextDay,1
2021-08-26 09:29:00.905240-04:00,15.264,5.13,Clouds,NextDay,1
2021-08-26 09:59:01.191436-04:00,15.264,5.13,Clouds,NextDay,1
2021-08-26 10:29:01.669280-04:00,9.18,1.7,Clouds,NextDay,1
2021-08-26 10:59:01.965812-04:00,9.18,1.7,Clouds,NextDay,1
2021-08-26 11:29:02.237269-04:00,4.788,3.04,Clouds,NextDay,1
2021-08-26 11:59:02.563797-04:00,4.788,3.04,Clouds,NextDay,1
2021-08-26 12:29:02.946281-04:00,7.920000000000001,0.89,Clouds,NextDay,1
2021-08-26 12:59:03.197245-04:00,7.920000000000001,0.89,Clouds,NextDay,1
2021-08-26 13:29:03.489566-04:00,3.708,3.54,Clouds,NextDay,1
2021-08-26 13:59:03.837701-04:00,5.436,0.72,Clouds,NextDay,1
2021-08-26 14:29:04.145331-04:00,5.724,-0.52,Clouds,NextDay,1
2021-08-26 14:59:04.529247-04:00,5.724,-0.52,Clouds,NextDay,1
2021-08-26 15:29:04.813260-04:00,5.5440000000000005,-0.87,Clear,NextDay,1
2021-08-26 15:59:05.089337-04:00,5.5440000000000005,-0.87,Clear,NextDay,1
2021-08-26 16:29:05.373252-04:00,4.6080000000000005,0.55,Clouds,NextDay,1
2021-08-26 16:59:05.665463-04:00,4.6080000000000005,0.55,Clouds,NextDay,1
2021-08-26 17:29:06.151750-04:00,5.5440000000000005,-1.29,Clouds,NextDay,1
2021-08-26 17:59:06.437249-04:00,5.5440000000000005,-1.29,Clouds,NextDay,1
2021-08-26 18:29:06.735258-04:00,6.3,-1.61,Clouds,NextDay,1
2021-08-26 18:59:07.021246-04:00,6.3,-1.61,Clouds,NextDay,1
2021-08-26 19:29:07.501255-04:00,6.336,-1.11,Clouds,NextDay,1
2021-08-26 19:59:07.769974-04:00,4.896000000000001,-0.18,Clouds,NextDay,1
2021-08-26 20:29:08.303215-04:00,6.4079999999999995,-0.12,Clouds,NextDay,1
2021-08-26 20:59:08.777307-04:00,6.4079999999999995,-0.12,Clouds,NextDay,1
2021-08-26 21:29:09.073441-04:00,8.172,0.33,Clouds,NextDay,1
2021-08-26 21:59:09.367180-04:00,8.172,0.33,Clouds,NextDay,1
2021-08-26 22:29:09.665253-04:00,9.324,2.6,Clouds,NextDay,1
2021-08-26 22:59:10.170921-04:00,9.324,2.6,Clouds,NextDay,1
2021-08-26 23:29:10.659384-04:00,5.327999999999999,4.46,Clouds,NextDay,1
2021-08-26 23:59:10.961240-04:00,5.327999999999999,4.46,Clouds,NextDay,1
2021-08-27 00:29:11.253257-04:00,8.964,4.52,Clouds,NextDay,1
2021-08-27 00:59:11.601276-04:00,8.964,4.52,Clouds,NextDay,1
2021-08-27 01:29:12.100156-04:00,7.308,5.42,Clouds,NextDay,1
2021-08-27 01:59:12.537282-04:00,7.308,5.42,Clouds,NextDay,1
2021-08-27 02:29:12.837825-04:00,11.196,5.73,Clouds,NextDay,1
2021-08-27 02:59:13.338019-04:00,11.196,5.73,Clouds,NextDay,1
2021-08-11 09:46:01.817855-04:00,7.883999999999999,4.25,Clear,Current,2
2021-08-11 10:46:02.053303-04:00,1.692,3.97,Clear,Current,2
2021-08-11 11:46:02.938583-04:00,3.564,3.63,Clear,Current,2
2021-08-11 12:46:03.319603-04:00,6.48,1.69,Clear,Current,2
2021-08-11 13:46:03.921296-04:00,7.2360000000000015,1.13,Clear,Current,2
2021-08-11 14:46:04.317861-04:00,6.047999999999999,0.77,Clouds,Current,2
2021-08-11 15:46:04.649255-04:00,5.7600000000000025,0.52,Clouds,Current,2
2021-08-11 16:46:05.021251-04:00,4.752000000000002,1.8,Clouds,Current,2
2021-08-11 17:46:05.288697-04:00,4.644,1.35,Clouds,Current,2
2021-08-11 18:46:05.586634-04:00,6.444,-0.69,Clouds,Current,2
2021-08-11 19:46:05.949973-04:00,7.74,-1.54,Clouds,Current,2
2021-08-11 20:46:06.237237-04:00,9.468,-0.81,Clouds,Current,2
2021-08-11 21:46:06.578393-04:00,4.464,5.43,Clouds,Current,2
2021-08-11 22:46:06.951948-04:00,6.587999999999999,6.26,Clouds,Current,2
2021-08-11 23:46:07.189069-04:00,9.144,7.55,Clouds,Current,2
2021-08-12 00:46:07.454861-04:00,11.232000000000001,8.49,Clouds,Current,2
2021-08-12 01:46:07.745001-04:00,14.004000000000001,10.04,Clear,Current,2
2021-08-12 02:46:08.123591-04:00,16.596,11.09,Clear,Current,2
2021-08-12 03:46:08.394540-04:00,19.404,11.48,Clear,Current,2
2021-08-12 04:46:08.717866-04:00,21.42,11.27,Clear,Current,2
2021-08-12 05:46:08.986624-04:00,21.24,10.79,Clear,Current,2
2021-08-12 06:46:09.360297-04:00,19.188,10.02,Clear,Current,2
2021-08-12 07:46:09.637491-04:00,18.144000000000002,9.08,Clear,Current,2
2021-08-12 08:46:09.890784-04:00,14.148,7.49,Clear,Current,2
2021-08-12 09:46:10.285129-04:00,7.920000000000001,3.42,Clear,Current,2
2021-08-12 10:46:10.585523-04:00,4.5360000000000005,3.56,Clear,Current,2
2021-08-12 11:46:10.913339-04:00,2.736,3.05,Clear,Current,2
2021-08-12 12:46:11.193259-04:00,4.0680000000000005,2.54,Clear,Current,2
2021-08-12 13:46:11.469249-04:00,2.52,1.8,Clear,Current,2
2021-08-12 14:46:11.737246-04:00,1.4400000000000002,0.68,Clear,Current,2
2021-08-12 15:46:12.117861-04:00,1.044,0.33,Clear,Current,2
2021-08-12 16:46:12.517855-04:00,3.96,0.2,Clear,Current,2
2021-08-12 17:46:12.813343-04:00,5.148,-1.58,Clouds,Current,2
2021-08-12 18:46:13.133283-04:00,5.58,-1.88,Clouds,Current,2
2021-08-12 19:46:13.373272-04:00,5.148,-1.89,Clouds,Current,2
2021-08-12 20:46:13.653748-04:00,2.9160000000000004,1.53,Clouds,Current,2
2021-08-12 21:46:13.887773-04:00,6.912000000000001,3.16,Clouds,Current,2
2021-08-12 22:46:14.194276-04:00,9.792000000000002,4.14,Clouds,Current,2
2021-08-12 23:46:14.508222-04:00,11.448,5.41,Clouds,Current,2
2021-08-13 00:46:14.818003-04:00,13.716,6.47,Clouds,Current,2
2021-08-13 01:46:15.313577-04:00,16.164,7.69,Clouds,Current,2
2021-08-13 02:46:15.569336-04:00,17.676000000000005,8.74,Clouds,Current,2
2021-08-13 03:46:15.861418-04:00,19.188,9.22,Clouds,Current,2
2021-08-13 04:46:16.169047-04:00,19.8,9.29,Clouds,Current,2
2021-08-13 05:46:16.521252-04:00,20.088,8.94,Clouds,Current,2
2021-08-13 06:46:16.785245-04:00,21.132,8.11,Clouds,Current,2
2021-08-13 07:46:17.089097-04:00,20.52,6.41,Clouds,Current,2
2021-08-13 08:46:17.545630-04:00,18.18,4.96,Clouds,Current,2
2021-08-13 09:46:17.901328-04:00,10.98,1.11,Clouds,Current,2
2021-08-13 10:46:18.175952-04:00,12.78,-0.73,Clouds,Current,2
2021-08-13 11:46:18.476532-04:00,10.332,-2.5,Clouds,Current,2
2021-08-13 12:46:18.769915-04:00,6.0120000000000005,-0.69,Rain,Current,2
2021-08-13 13:46:19.045320-04:00,4.644,0.69,Snow,Current,2
2021-08-13 14:46:19.401013-04:00,6.876,-3.2,Clouds,Current,2
2021-08-13 15:46:19.657336-04:00,8.82,-4.59,Snow,Current,2
2021-08-13 16:46:19.901996-04:00,5.976,-3.2,Clouds,Current,2
2021-08-13 17:46:20.225791-04:00,3.96,-1.35,Clouds,Current,2
2021-08-13 18:46:20.621274-04:00,1.872,-1.53,Clouds,Current,2
2021-08-13 19:46:20.941788-04:00,4.464,-1.1,Snow,Current,2
2021-08-13 20:46:21.245836-04:00,3.528,-0.6,Snow,Current,2
2021-08-13 21:46:21.535287-04:00,6.516,-1.33,Snow,Current,2
2021-08-13 22:46:21.807082-04:00,12.564000000000002,-1.62,Rain,Current,2
2021-08-13 23:46:22.105450-04:00,7.02,-0.79,Rain,Current,2
2021-08-14 00:46:22.375720-04:00,10.476,0.32,Clouds,Current,2
2021-08-14 01:46:22.921248-04:00,13.788,1.25,Clouds,Current,2
2021-08-14 02:46:23.201471-04:00,15.408,3.39,Clouds,Current,2
2021-08-14 03:46:23.455442-04:00,18.18,5.17,Clouds,Current,2
2021-08-14 04:46:23.753319-04:00,20.736,5.03,Clouds,Current,2
2021-08-14 05:46:24.098912-04:00,20.844,4.84,Clouds,Current,2
2021-08-14 06:46:24.386193-04:00,21.24,4.14,Clear,Current,2
2021-08-14 07:46:24.691831-04:00,19.044,3.32,Clear,Current,2
2021-08-14 08:46:24.997357-04:00,16.308,1.33,Clear,Current,2
2021-08-14 09:46:25.417854-04:00,11.196,-2.27,Clear,Current,2
2021-08-14 10:46:25.705323-04:00,7.7760000000000025,-2.99,Clear,Current,2
2021-08-14 11:46:25.977332-04:00,6.6240000000000006,-3.06,Clear,Current,2
2021-08-14 12:46:26.242228-04:00,7.056,-3.35,Clear,Current,2
2021-08-14 13:46:26.609325-04:00,7.920000000000001,-1.46,Clouds,Current,2
2021-08-14 14:46:26.898178-04:00,3.888,-2.62,Clouds,Current,2
2021-08-14 15:46:27.177272-04:00,0.7200000000000001,-3.25,Clear,Current,2
2021-08-14 16:46:27.537249-04:00,3.204,-3.59,Clear,Current,2
2021-08-14 17:46:27.917869-04:00,2.556,-3.85,Snow,Current,2
2021-08-14 18:46:28.176877-04:00,4.14,-3.95,Clear,Current,2
2021-08-14 19:46:28.477254-04:00,4.32,-3.95,Clouds,Current,2
2021-08-14 20:46:28.801399-04:00,5.184,-4.6,Clouds,Current,2
2021-08-14 21:46:29.065339-04:00,7.38,-3.5,Snow,Current,2
2021-08-14 22:46:29.417847-04:00,9.144,-3.83,Snow,Current,2
2021-08-14 23:46:29.660524-04:00,9.504,-3.69,Snow,Current,2
2021-08-15 00:46:29.980846-04:00,10.908,-4.85,Snow,Current,2
2021-08-15 01:46:30.305903-04:00,11.664000000000001,-3.2,Snow,Current,2
2021-08-15 02:46:30.602424-04:00,11.664000000000001,-0.73,Clouds,Current,2
2021-08-15 03:46:30.872280-04:00,14.292000000000002,0.71,Clouds,Current,2
2021-08-15 04:46:31.137663-04:00,19.8,1.62,Clouds,Current,2
2021-08-15 05:46:31.593477-04:00,22.104,1.77,Clouds,Current,2
2021-08-15 06:46:31.866601-04:00,22.572,1.95,Clouds,Current,2
2021-08-15 07:46:32.129241-04:00,20.268,1.19,Clouds,Current,2
2021-08-15 08:46:32.537243-04:00,16.272000000000002,-0.6,Clouds,Current,2
2021-08-15 09:46:32.851769-04:00,11.376,-4.12,Clouds,Current,2
2021-08-15 10:46:33.185249-04:00,8.28,-5.14,Snow,Current,2
2021-08-15 11:46:33.509333-04:00,10.044,-6.2,Clouds,Current,2
2021-08-15 12:46:33.761371-04:00,7.127999999999999,-5.81,Clouds,Current,2
2021-08-15 13:46:34.177478-04:00,3.492,-3.29,Clouds,Current,2
2021-08-15 14:46:34.565271-04:00,3.024,-3.26,Clouds,Current,2
2021-08-15 15:46:34.837702-04:00,1.2240000000000002,-3.02,Clouds,Current,2
2021-08-15 16:46:35.217860-04:00,1.872,-2.64,Clouds,Current,2
2021-08-15 17:46:35.513258-04:00,0.684,-3.98,Clouds,Current,2
2021-08-15 18:46:35.805383-04:00,2.988,-5.2,Clouds,Current,2
2021-08-15 19:46:36.102341-04:00,4.284,-5.71,Clouds,Current,2
2021-08-15 20:46:36.425712-04:00,7.6320000000000014,-7.92,Clouds,Current,2
2021-08-15 21:46:36.738543-04:00,5.0760000000000005,-2.89,Clouds,Current,2
2021-08-15 22:46:37.009247-04:00,10.728,-2.44,Clouds,Current,2
2021-08-15 23:46:37.269928-04:00,13.032,-1.84,Clouds,Current,2
2021-08-16 00:46:37.617366-04:00,15.048,-0.92,Clouds,Current,2
2021-08-16 01:46:37.906276-04:00,17.352,0.99,Clouds,Current,2
2021-08-16 02:46:38.221245-04:00,18.792,2.05,Clouds,Current,2
2021-08-16 03:46:38.521928-04:00,20.772,2.8,Clouds,Current,2
2021-08-16 04:46:38.805333-04:00,20.952,3.08,Clouds,Current,2
2021-08-16 05:46:39.051662-04:00,20.88,2.98,Clear,Current,2
2021-08-16 06:46:39.353456-04:00,19.764000000000006,2.75,Clear,Current,2
2021-08-16 07:46:39.821320-04:00,17.28,2.04,Clear,Current,2
2021-08-16 08:46:40.107233-04:00,13.932,0.62,Clear,Current,2
2021-08-16 09:46:40.458793-04:00,8.783999999999999,-3.59,Clear,Current,2
2021-08-16 10:46:40.688243-04:00,4.284,-1.9,Clear,Current,2
2021-08-16 11:46:41.070409-04:00,4.284,-2.24,Clear,Current,2
2021-08-16 12:46:41.337243-04:00,5.436,-4.53,Clear,Current,2
2021-08-16 13:46:41.629251-04:00,6.516,-5.09,Clear,Current,2
2021-08-16 14:46:41.941349-04:00,7.3439999999999985,-6.25,Clear,Current,2
2021-08-16 15:46:42.246182-04:00,7.920000000000001,-6.63,Clear,Current,2
2021-08-16 16:46:42.505273-04:00,8.568,-7.13,Clear,Current,2
2021-08-16 17:46:42.786549-04:00,10.008,-7.8,Clear,Current,2
2021-08-16 18:46:43.095944-04:00,10.944,-8.25,Clear,Current,2
2021-08-16 19:46:43.377700-04:00,11.052,-8.32,Clear,Current,2
2021-08-16 20:46:43.817857-04:00,11.16,-6.98,Clear,Current,2
2021-08-16 21:46:44.222857-04:00,7.6320000000000014,-1.06,Clear,Current,2
2021-08-16 22:46:44.501267-04:00,5.796,2.41,Clear,Current,2
2021-08-16 23:46:44.804198-04:00,8.532,4.31,Clear,Current,2
2021-08-17 00:46:45.097000-04:00,11.592,5.98,Clear,Current,2
2021-08-17 01:46:45.361255-04:00,14.58,7.33,Clear,Current,2
2021-08-17 02:46:45.717965-04:00,17.064,7.79,Clear,Current,2
2021-08-11 09:46:01.817855-04:00,14.255999999999998,8.02,Clear,NextDay,2
2021-08-11 10:46:02.053303-04:00,7.812,4.04,Clear,NextDay,2
2021-08-11 11:46:02.938583-04:00,3.924,4.13,Clear,NextDay,2
2021-08-11 12:46:03.319603-04:00,3.528,3.54,Clear,NextDay,2
2021-08-11 13:46:03.921296-04:00,2.988,2.84,Clear,NextDay,2
2021-08-11 14:46:04.317861-04:00,1.584,2.01,Clear,NextDay,2
2021-08-11 15:46:04.649255-04:00,0.6120000000000001,1.7,Clear,NextDay,2
2021-08-11 16:46:05.021251-04:00,1.5119999999999998,1.4,Clear,NextDay,2
2021-08-11 17:46:05.288697-04:00,2.952,1.18,Clear,NextDay,2
2021-08-11 18:46:05.586634-04:00,4.176,0.99,Clear,NextDay,2
2021-08-11 19:46:05.949973-04:00,4.248,0.77,Clear,NextDay,2
2021-08-11 20:46:06.237237-04:00,5.184,-1.09,Clear,NextDay,2
2021-08-11 21:46:06.578393-04:00,5.0760000000000005,0.53,Clear,NextDay,2
2021-08-11 22:46:06.951948-04:00,6.0120000000000005,4.29,Clear,NextDay,2
2021-08-11 23:46:07.189069-04:00,10.404000000000002,5.16,Clouds,NextDay,2
2021-08-12 00:46:07.454861-04:00,12.132,6.33,Clouds,NextDay,2
2021-08-12 01:46:07.745001-04:00,14.472,7.43,Clouds,NextDay,2
2021-08-12 02:46:08.123591-04:00,16.740000000000002,8.41,Clouds,NextDay,2
2021-08-12 03:46:08.394540-04:00,18.468,9.13,Clear,NextDay,2
2021-08-12 04:46:08.717866-04:00,19.692,9.56,Clear,NextDay,2
2021-08-12 05:46:08.986624-04:00,20.196,9.6,Clear,NextDay,2
2021-08-12 06:46:09.360297-04:00,20.772,9.22,Clouds,NextDay,2
2021-08-12 07:46:09.637491-04:00,20.844,8.42,Clouds,NextDay,2
2021-08-12 08:46:09.890784-04:00,20.592,6.58,Clouds,NextDay,2
2021-08-12 09:46:10.285129-04:00,18.252,5.25,Clouds,NextDay,2
2021-08-12 10:46:10.585523-04:00,10.764000000000001,1.6,Clouds,NextDay,2
2021-08-12 11:46:10.913339-04:00,8.064000000000002,0.36,Clouds,NextDay,2
2021-08-12 12:46:11.193259-04:00,8.027999999999999,-1.23,Clouds,NextDay,2
2021-08-12 13:46:11.469249-04:00,4.176,0.42,Clouds,NextDay,2
2021-08-12 14:46:11.737246-04:00,3.96,-0.11,Clouds,NextDay,2
2021-08-12 15:46:12.117861-04:00,7.02,-1.52,Clouds,NextDay,2
2021-08-12 16:46:12.517855-04:00,9.936,-2.48,Rain,NextDay,2
2021-08-12 17:46:12.813343-04:00,6.084,-2.0,Clouds,NextDay,2
2021-08-12 18:46:13.133283-04:00,3.708,-0.16,Clouds,NextDay,2
2021-08-12 19:46:13.373272-04:00,2.3760000000000003,-0.33,Snow,NextDay,2
2021-08-12 20:46:13.653748-04:00,4.752000000000002,-0.44,Snow,NextDay,2
2021-08-12 21:46:13.887773-04:00,5.6160000000000005,-1.92,Snow,NextDay,2
2021-08-12 22:46:14.194276-04:00,8.352,-1.68,Rain,NextDay,2
2021-08-12 23:46:14.508222-04:00,7.2,0.1,Rain,NextDay,2
2021-08-13 00:46:14.818003-04:00,10.044,0.57,Rain,NextDay,2
2021-08-13 01:46:15.313577-04:00,9.756,0.99,Rain,NextDay,2
2021-08-13 02:46:15.569336-04:00,9.072000000000001,1.78,Rain,NextDay,2
2021-08-13 03:46:15.861418-04:00,9.216000000000001,3.04,Clouds,NextDay,2
2021-08-13 04:46:16.169047-04:00,14.904000000000002,5.28,Clouds,NextDay,2
2021-08-13 05:46:16.521252-04:00,18.144000000000002,6.41,Clouds,NextDay,2
2021-08-13 06:46:16.785245-04:00,22.104,5.8,Clouds,NextDay,2
2021-08-13 07:46:17.089097-04:00,21.276,4.9,Clouds,NextDay,2
2021-08-13 08:46:17.545630-04:00,17.855999999999995,4.08,Clouds,NextDay,2
2021-08-13 09:46:17.901328-04:00,14.58,3.1,Clouds,NextDay,2
2021-08-13 10:46:18.175952-04:00,10.872,-0.93,Clouds,NextDay,2
2021-08-13 11:46:18.476532-04:00,6.6960000000000015,-1.51,Clouds,NextDay,2
2021-08-13 12:46:18.769915-04:00,7.2360000000000015,-2.27,Clouds,NextDay,2
2021-08-13 13:46:19.045320-04:00,6.84,-2.42,Clouds,NextDay,2
2021-08-13 14:46:19.401013-04:00,5.724,-3.19,Clouds,NextDay,2
2021-08-13 15:46:19.657336-04:00,6.084,-2.15,Clouds,NextDay,2
2021-08-13 16:46:19.901996-04:00,5.22,-1.26,Clouds,NextDay,2
2021-08-13 17:46:20.225791-04:00,5.04,-1.59,Clouds,NextDay,2
2021-08-13 18:46:20.621274-04:00,4.86,-1.89,Clouds,NextDay,2
2021-08-13 19:46:20.941788-04:00,9.684,-4.38,Clouds,NextDay,2
2021-08-13 20:46:21.245836-04:00,6.408,-3.32,Clouds,NextDay,2
2021-08-13 21:46:21.535287-04:00,5.796,-3.62,Snow,NextDay,2
2021-08-13 22:46:21.807082-04:00,8.64,-4.1,Snow,NextDay,2
2021-08-13 23:46:22.105450-04:00,9.216000000000001,-4.33,Snow,NextDay,2
2021-08-14 00:46:22.375720-04:00,9.684,-4.43,Snow,NextDay,2
2021-08-14 01:46:22.921248-04:00,10.98,-2.51,Rain,NextDay,2
2021-08-14 02:46:23.201471-04:00,7.7760000000000025,-0.47,Rain,NextDay,2
2021-08-14 03:46:23.455442-04:00,11.988,1.35,Rain,NextDay,2
2021-08-14 04:46:23.753319-04:00,17.208000000000002,3.11,Rain,NextDay,2
2021-08-14 05:46:24.098912-04:00,22.176,3.11,Clouds,NextDay,2
2021-08-14 06:46:24.386193-04:00,20.7,3.09,Clouds,NextDay,2
2021-08-14 07:46:24.691831-04:00,21.744,2.91,Clouds,NextDay,2
2021-08-14 08:46:24.997357-04:00,19.26,1.93,Clouds,NextDay,2
2021-08-14 09:46:25.417854-04:00,15.696000000000002,0.82,Clouds,NextDay,2
2021-08-14 10:46:25.705323-04:00,9.324,-2.44,Clouds,NextDay,2
2021-08-14 11:46:25.977332-04:00,5.8320000000000025,-2.68,Clouds,NextDay,2
2021-08-14 12:46:26.242228-04:00,6.0120000000000005,-3.01,Clouds,NextDay,2
2021-08-14 13:46:26.609325-04:00,9.612,-4.88,Clouds,NextDay,2
2021-08-14 14:46:26.898178-04:00,4.5360000000000005,-0.59,Clouds,NextDay,2
2021-08-14 15:46:27.177272-04:00,3.2760000000000002,-0.47,Clouds,NextDay,2
2021-08-14 16:46:27.537249-04:00,3.3480000000000003,-3.1,Clouds,NextDay,2
2021-08-14 17:46:27.917869-04:00,6.84,-6.45,Clouds,NextDay,2
2021-08-14 18:46:28.176877-04:00,7.487999999999999,-7.4,Clouds,NextDay,2
2021-08-14 19:46:28.477254-04:00,6.3,-6.99,Clouds,NextDay,2
2021-08-14 20:46:28.801399-04:00,7.7760000000000025,-7.82,Clouds,NextDay,2
2021-08-14 21:46:29.065339-04:00,7.452000000000001,-6.16,Clouds,NextDay,2
2021-08-14 22:46:29.417847-04:00,5.436,-1.33,Clouds,NextDay,2
2021-08-14 23:46:29.660524-04:00,9.324,0.06,Clouds,NextDay,2
2021-08-15 00:46:29.980846-04:00,14.255999999999998,1.08,Clouds,NextDay,2
2021-08-15 01:46:30.305903-04:00,16.848,1.75,Clouds,NextDay,2
2021-08-15 02:46:30.602424-04:00,17.316,1.48,Rain,NextDay,2
2021-08-15 03:46:30.872280-04:00,21.096,2.73,Clouds,NextDay,2
2021-08-15 04:46:31.137663-04:00,20.340000000000003,3.8,Clouds,NextDay,2
2021-08-15 05:46:31.593477-04:00,21.132,4.18,Clouds,NextDay,2
2021-08-15 06:46:31.866601-04:00,20.664,4.1,Clouds,NextDay,2
2021-08-15 07:46:32.129241-04:00,19.548,3.64,Clouds,NextDay,2
2021-08-15 08:46:32.537243-04:00,16.632,2.64,Clear,NextDay,2
2021-08-15 09:46:32.851769-04:00,13.14,1.45,Clear,NextDay,2
2021-08-15 10:46:33.185249-04:00,8.28,-2.62,Clear,NextDay,2
2021-08-15 11:46:33.509333-04:00,5.04,-2.82,Clear,NextDay,2
2021-08-15 12:46:33.761371-04:00,4.5360000000000005,-1.49,Clear,NextDay,2
2021-08-15 13:46:34.177478-04:00,5.58,-3.83,Clear,NextDay,2
2021-08-15 14:46:34.565271-04:00,6.876,-4.91,Clear,NextDay,2
2021-08-15 15:46:34.837702-04:00,8.748000000000001,-5.82,Clear,NextDay,2
2021-08-15 16:46:35.217860-04:00,9.936,-6.35,Clear,NextDay,2
2021-08-15 17:46:35.513258-04:00,10.512,-6.81,Clear,NextDay,2
2021-08-15 18:46:35.805383-04:00,11.196,-7.1,Clear,NextDay,2
2021-08-15 19:46:36.102341-04:00,11.592,-7.43,Clear,NextDay,2
2021-08-15 20:46:36.425712-04:00,11.952,-7.5,Clear,NextDay,2
2021-08-15 21:46:36.738543-04:00,11.772,-6.05,Clear,NextDay,2
2021-08-15 22:46:37.009247-04:00,7.883999999999999,-0.2,Clear,NextDay,2
2021-08-15 23:46:37.269928-04:00,5.472,3.36,Clear,NextDay,2
2021-08-16 00:46:37.617366-04:00,7.596,5.01,Clear,NextDay,2
2021-08-16 01:46:37.906276-04:00,10.332,6.64,Clear,NextDay,2
2021-08-16 02:46:38.221245-04:00,13.104000000000001,7.77,Clear,NextDay,2
2021-08-16 03:46:38.521928-04:00,15.768,8.43,Clear,NextDay,2
2021-08-16 04:46:38.805333-04:00,16.596,8.97,Clear,NextDay,2
2021-08-16 05:46:39.051662-04:00,17.064,9.2,Clear,NextDay,2
2021-08-16 06:46:39.353456-04:00,17.028000000000002,8.95,Clear,NextDay,2
2021-08-16 07:46:39.821320-04:00,14.472,8.45,Clear,NextDay,2
2021-08-16 08:46:40.107233-04:00,13.032,7.9,Clear,NextDay,2
2021-08-16 09:46:40.458793-04:00,10.08,5.88,Clear,NextDay,2
2021-08-16 10:46:40.688243-04:00,4.392,2.2,Clear,NextDay,2
2021-08-16 11:46:41.070409-04:00,4.176,1.35,Clear,NextDay,2
2021-08-16 12:46:41.337243-04:00,7.883999999999999,-1.71,Clear,NextDay,2
2021-08-16 13:46:41.629251-04:00,8.604000000000001,-2.16,Clear,NextDay,2
2021-08-16 14:46:41.941349-04:00,9.216000000000001,-2.81,Clear,NextDay,2
2021-08-16 15:46:42.246182-04:00,9.972,-3.18,Clear,NextDay,2
2021-08-16 16:46:42.505273-04:00,10.296,-3.42,Clear,NextDay,2
2021-08-16 17:46:42.786549-04:00,10.908,-3.78,Clear,NextDay,2
2021-08-16 18:46:43.095944-04:00,11.268,-3.94,Clear,NextDay,2
2021-08-16 19:46:43.377700-04:00,11.7,-4.15,Clear,NextDay,2
2021-08-16 20:46:43.817857-04:00,11.88,-4.28,Clear,NextDay,2
2021-08-16 21:46:44.222857-04:00,11.304,-2.83,Clear,NextDay,2
2021-08-16 22:46:44.501267-04:00,6.984,3.48,Clear,NextDay,2
2021-08-16 23:46:44.804198-04:00,2.952,7.43,Clear,NextDay,2
2021-08-17 00:46:45.097000-04:00,7.56,8.13,Clear,NextDay,2
2021-08-17 01:46:45.361255-04:00,9.504,8.32,Clear,NextDay,2
2021-08-17 02:46:45.717965-04:00,11.124,9.62,Clear,NextDay,2
